TAVG,TMAX,TMIN,AWND,WDF2,WDF5,WSF2,WSF5,PGTM,PRCP
21,28,17,12.3,260,260,21.9,33.1,,0
19,25,8,4.03,240,260,15,19.9,,0
21,32,10,5.82,130,140,14.1,19,,0.2
28,32,8,10.07,320,310,21.9,30,,0.18
7,9,1,9.62,270,270,23,31.1,,0.01
7,16,2,10.29,240,230,18.1,25.9,,0
5,10,-2,13.65,320,330,28,40,,0.1
9,16,5,13.65,180,260,21,27.1,,0.1
8,12,2,9.4,260,300,18.1,25.1,,0.01
6,18,0,9.62,250,240,21,30,,0
18,26,15,5.82,210,220,13,18.1,,0
19,23,2,10.07,330,320,25.1,31.1,,0.02
3,16,-10,3.58,200,200,10.1,13,,0
5,23,-14,4.92,190,270,12.1,15,,0
24,33,20,10.51,310,320,21.9,31.1,,0.02
18,25,-8,7.83,310,320,19.9,29.1,,0.01
14,38,-3,10.96,150,160,25.9,32,,0
34,38,26,8.05,310,320,15,19.9,,0.04
21,26,2,6.93,340,320,16.1,21.9,,0
9,23,-2,1.34,40,40,12.1,13,,0
9,25,-3,0.89,90,90,8.9,10.1,,0
15,30,4,4.47,280,290,15,19.9,,0
25,37,21,9.84,230,230,17,23.9,,0
33,37,18,9.62,340,340,23.9,31.1,,0.01
15,18,-2,6.26,30,50,17,21,,0
6,20,-6,3.58,110,100,13,16.1,,0.01
16,21,-2,6.04,40,40,14.1,15,,0
8,29,-5,4.25,160,170,15,19.9,,0
26,30,15,10.07,320,320,23,33.1,,0.43
12,15,2,10.29,320,330,25.9,35.1,,0.02
15,27,6,7.16,330,330,18.1,23.9,,0.03
11,16,6,12.53,30,30,19.9,23,,0
7,14,-3,9.4,10,20,18.1,23,,0
12,24,7,5.82,260,260,14.1,19.9,,0
16,21,2,6.71,320,330,21,28,,0.02
6,17,-6,7.61,200,180,17,23.9,,0
19,29,14,8.28,240,310,16.1,23,,0
23,25,20,8.5,100,90,21,25.9,,0.21
18,21,13,13.42,60,90,21,25.9,,0.2
12,15,3,7.83,40,330,15,18.1,,0.04
9,23,-6,4.7,40,140,14.1,16.1,,0
21,28,11,9.84,300,310,21,31.1,,0.04
7,12,-5,13.65,330,330,25.1,33.1,,0.01
0,18,-16,7.61,200,220,17,21.9,,0.03
8,15,-8,18.34,330,330,31.1,40.9,,0
-8,-1,-25,8.5,340,340,21.9,28,,0
-9,15,-27,3.13,190,180,10.1,13,,0
9,20,4,6.26,280,260,14.1,19.9,,0
6,11,-4,8.28,320,330,21.9,28,,0
-5,-3,-16,8.95,330,320,21,28,,0
-8,11,-29,8.72,180,170,18.1,23,,0.02
14,25,8,6.04,360,190,14.1,18.1,,0
11,14,-9,10.07,320,320,21.9,30,,0
-5,10,-17,8.05,220,220,17,21.9,,0
14,25,7,12.3,330,330,32,48.1,,0.03
10,13,-2,8.95,300,310,21,30,,0
2,8,-9,7.16,10,360,16.1,19.9,,0
1,20,-19,5.82,240,240,14.1,21,,0
11,28,0,7.38,260,250,15,21,,0
18,29,5,7.16,230,240,16.1,21.9,,0
23,29,0,7.38,310,310,18.1,30,,0
13,28,-5,6.71,280,300,16.1,25.9,,0.35
21,26,2,9.17,310,320,18.1,25.9,,0
6,17,-12,4.47,310,320,14.1,18.1,,0
8,31,-12,10.51,220,220,19.9,25.1,,0
25,34,12,6.93,270,290,15,21.9,,0
27,42,15,6.04,240,250,18.1,25.1,,0.02
33,50,10,7.83,260,270,17,27.1,,0
44,54,38,10.74,210,210,18.1,23.9,,0
42,49,30,9.4,300,310,23,36,,0
31,36,24,8.28,120,140,17,21.9,,0
34,42,30,7.16,180,180,18.1,23,,0
36,40,29,10.96,320,340,21,33.1,,0
37,51,32,8.72,330,330,18.1,25.1,,0
45,61,35,5.37,330,340,18.1,25.1,,0.2
35,37,23,15.21,340,320,29.1,38.9,,0
28,38,16,8.28,310,320,19.9,27.1,,0
27,40,13,4.92,100,140,13,16.1,,0
34,49,22,4.47,240,240,13,18.1,,0
34,40,16,13.42,340,330,23.9,34,,0.07
21,32,11,9.4,320,270,19.9,27.1,,0
21,27,9,4.92,120,70,14.1,19,,0
22,34,9,5.82,110,110,16.1,19.9,,0
30,41,21,11.41,250,260,25.1,38,,0.25
37,41,21,8.5,310,310,16.1,25.1,,0.01
19,22,13,12.53,350,350,21,25.9,,0.01
20,37,9,4.03,140,120,14.1,16.1,,0
29,44,16,12.53,190,200,31.1,40,,0
37,43,25,10.07,310,310,21.9,33.1,,0.05
31,39,22,4.47,120,100,13,16.1,,0
35,46,29,7.61,160,160,18.1,21.9,,0
50,65,35,9.17,210,210,19.9,28,,0.14
42,47,24,10.96,320,320,21,27.1,,0
29,40,19,7.83,330,310,17,25.9,,0
29,38,19,4.92,100,110,13,17,,0
31,33,29,5.82,70,70,14.1,17,,0.09
36,46,30,9.62,110,110,19.9,23.9,,0
37,40,33,12.75,70,80,21,27.1,,0
35,37,33,8.5,110,270,17,23,,0.7
40,49,36,12.97,270,280,29.1,42.9,,0.49
42,59,29,5.59,100,310,13,19,,0
47,71,27,8.05,180,170,21,25.9,,0
54,61,37,10.29,280,320,23,36.9,,0.07
51,66,32,5.82,120,280,17,23.9,,0
42,56,24,4.25,130,130,14.1,18.1,,0
41,56,29,4.47,100,120,10.1,15,,0
51,71,35,4.7,30,70,17,21.9,,0
49,59,31,7.38,10,10,21.9,27.1,,0
42,50,29,13.42,100,120,23,29.1,,0
48,58,39,12.53,210,180,25.1,32,,0.53
41,50,37,9.62,240,240,21,30,,0.05
35,37,28,8.95,320,310,21,28,,0.07
31,39,28,10.51,320,320,21.9,28,,0
35,49,24,7.61,340,250,18.1,23,,0
36,51,20,5.37,130,130,15,21.9,,0
43,53,32,10.96,350,340,21.9,32,,0
45,54,39,11.63,360,10,19.9,23.9,,0
49,61,36,4.92,20,10,15,18.1,,0
48,62,36,10.29,330,340,21.9,28,,0
48,61,36,8.72,10,330,17,21.9,,0
54,68,38,4.25,130,130,14.1,17,,0
55,72,36,5.37,130,120,16.1,19.9,,0
63,81,42,8.05,210,210,21,32,,0
66,73,46,9.4,350,330,23.9,31.1,,0.05
53,66,38,4.7,130,130,13,16.1,,0
50,66,31,6.04,110,90,16.1,30,,0
61,83,45,7.38,120,120,16.1,21,,0
70,83,56,9.4,190,330,23,32,,0.66
56,59,49,7.38,330,340,15,18.1,,0.42
50,50,44,8.5,50,50,15,19,,0.04
46,56,43,6.04,110,50,15,19.9,,0.5
52,57,40,10.74,240,240,19.9,28,,0
47,58,35,9.17,10,340,19.9,28,,0.01
48,62,32,6.71,130,130,17,23.9,,0
49,57,46,3.8,110,110,10.1,14.1,,0.1
57,71,46,5.59,100,120,14.1,18.1,,0
57,76,46,8.5,130,120,19.9,25.9,,0
74,86,50,11.41,220,210,23,32,,0
51,50,38,10.74,320,330,23,31.1,,0
44,62,31,5.37,330,310,15,21.9,,0
55,71,42,8.95,330,310,21,27.1,,0
48,57,31,8.95,330,350,23.9,32,,0
53,79,26,6.71,230,220,17,25.1,,0
64,79,45,5.82,210,220,16.1,21,,0.05
63,79,53,8.05,220,230,21.9,30,,0.85
74,86,63,10.07,180,190,23,28,,0.5
69,76,56,11.41,220,250,25.9,35.1,,0
63,76,50,5.14,100,110,14.1,17,,0
66,84,53,6.93,190,190,23,29.1,,0.19
61,68,45,9.84,340,340,19.9,25.1,,0.29
49,56,36,9.62,50,30,18.1,23,,0
51,64,35,4.25,20,10,14.1,19.9,,0
53,68,35,5.37,130,130,17,21.9,,0
57,73,38,7.38,130,140,18.1,25.9,,0
60,75,44,4.92,110,120,16.1,19.9,,0
62,68,48,9.4,10,10,21,25.1,,0.02
53,62,36,7.61,100,110,17,21.9,,0
52,70,37,7.38,170,190,17,23,,0.31
64,74,55,4.47,130,330,14.1,18.1,,0.05
63,78,53,4.92,120,120,15,18.1,,0
66,78,53,8.72,320,330,21,31.1,,0.25
62,72,52,4.7,350,320,15,19,,0
58,66,49,4.03,10,360,13,16.1,,0.72
57,68,45,5.14,110,130,14.1,17,,0
62,73,57,4.25,130,120,12.1,14.1,,0.65
67,76,62,3.58,100,90,13,17,,0
66,75,54,8.5,350,310,17,23.9,,0
61,73,50,4.7,120,130,13,16.1,,0
65,80,54,7.83,350,340,21.9,28,,0.01
58,66,40,5.82,140,150,13,19,,0
55,74,38,6.49,110,110,15,19.9,,0
64,79,53,4.92,130,320,13,16.1,,0
62,73,47,5.82,130,120,16.1,19,,0.06
68,72,54,9.4,320,310,21,30,,0
63,82,45,4.25,100,320,14.1,19.9,,0
63,71,49,2.91,110,130,8.9,12.1,,0.01
61,76,45,4.47,120,130,13,18.1,,0
62,76,47,4.7,80,50,15,19.9,,0
62,77,46,3.8,100,130,12.1,14.1,,0
68,82,51,6.26,150,160,19.9,23,,0
65,74,51,2.68,150,140,18.1,21.9,,0.08
61,65,53,6.04,340,330,15,19,,0
60,73,44,3.8,50,50,14.1,18.1,,0
63,78,45,4.92,190,190,14.1,17,,0
69,82,54,3.58,150,320,12.1,16.1,,0
65,80,49,4.25,120,100,14.1,16.1,,0
73,87,59,9.4,160,170,21.9,25.1,,0
68,77,52,9.4,350,330,21,28,,0.65
60,74,47,4.25,100,110,15,19.9,,0
62,78,48,2.46,10,360,13,17,,0
68,86,50,3.36,230,220,12.1,18.1,,0
71,88,54,4.25,220,10,13,17,,0
71,82,57,3.8,110,160,14.1,17,,0
72,84,61,6.71,180,170,18.1,23.9,,0.02
69,77,55,8.95,10,360,23,28,,0.81
61,71,47,4.7,50,50,14.1,19,,0
60,74,42,6.49,130,130,16.1,21.9,,0
67,79,61,7.61,130,130,16.1,23.9,,0.06
73,89,59,4.92,170,150,17,21,,0
78,83,62,7.38,290,250,17,25.9,,0
74,89,59,9.17,240,240,21,32,,0.08
67,79,57,8.28,340,270,17,25.9,,0
66,80,53,5.82,330,320,16.1,21.9,,0
65,81,47,3.58,100,140,12.1,16.1,,0
71,88,55,4.7,130,270,13,19,,0
75,87,60,6.49,330,360,18.1,23.9,,0
74,91,55,3.36,120,240,12.1,14.1,,0
76,91,58,3.58,130,350,12.1,16.1,,0
77,92,61,5.37,110,140,15,19,,0
79,91,63,7.38,250,250,17,28,,0
76,85,56,8.28,270,250,21,31.1,,0
70,84,56,6.93,320,320,21.9,31.1,,0.03
67,82,57,5.14,90,100,14.1,18.1,,0
66,78,59,6.71,330,320,25.9,36.9,,0.36
66,75,58,6.26,330,320,17,21,,0
63,76,50,7.16,320,320,21,25.9,,0.05
63,76,51,7.38,310,330,19.9,23.9,,0
63,75,47,4.03,130,120,14.1,18.1,,0
62,76,47,4.7,100,80,16.1,19.9,,0
67,76,56,5.37,120,110,15,21,,0
66,80,52,5.82,130,120,15,19.9,,0
66,74,62,3.8,330,330,16.1,18.1,,0.36
67,76,59,10.07,340,330,19.9,25.1,,0
67,80,56,6.49,350,350,17,21.9,,0
72,90,59,7.83,260,280,18.1,28,,0
77,88,66,5.82,140,140,17,19.9,,0
73,88,58,3.8,140,140,15,18.1,,0
77,93,62,8.05,210,210,18.1,23.9,,0
79,92,69,7.38,320,310,18.1,32,,0.2
71,80,67,4.47,110,110,12.1,14.1,,0.16
74,88,69,11.63,220,180,35.1,47,,0.45
69,76,60,9.17,240,220,21,29.1,,0.16
65,77,56,6.49,120,280,16.1,19.9,,0
67,83,53,4.92,140,130,14.1,19,,0
67,81,56,8.95,130,200,21.9,29.1,,0.22
61,68,53,9.17,230,240,19.9,30,,0.16
56,63,53,6.49,310,330,14.1,19.9,,0.03
57,62,54,6.71,320,310,14.1,21,,0
59,66,50,3.8,320,320,12.1,15,,0
60,76,45,5.14,200,210,13,18.1,,0
65,73,56,4.47,190,170,13,16.1,,0.14
65,81,51,2.68,200,220,13,21,,0
67,82,58,4.03,100,100,13,16.1,,0
70,88,56,4.03,190,220,13,16.1,,0
74,90,65,3.36,280,270,10.1,14.1,,0.05
67,71,62,3.8,360,360,10.1,13,,0.37
71,79,67,7.83,130,120,15,19.9,,0
73,83,65,3.58,110,100,10.1,14.1,,0
75,90,62,6.49,200,190,16.1,23,,0
78,84,65,5.82,240,240,15,19.9,,0
70,74,64,5.82,200,200,16.1,23,,0.26
68,75,52,4.92,290,280,14.1,19.9,,0
61,68,53,4.7,220,220,10.1,14.1,,0
58,65,48,7.61,340,340,17,23,,0
55,64,47,7.61,360,360,17,23,,0
55,68,44,6.26,350,340,15,19.9,,0
60,78,43,7.38,210,200,16.1,23.9,,0
70,87,51,6.26,220,210,16.1,19.9,,0
72,85,57,7.16,190,200,21,29.1,,0
70,84,54,8.72,180,190,23,29.1,,0
70,76,58,5.82,350,250,15,18.1,,0
61,67,49,9.4,330,330,21.9,30,,0.36
57,76,40,3.8,230,210,13,17,,0
59,73,41,4.7,160,120,16.1,19.9,,0
59,78,41,3.58,200,210,14.1,17,,0
61,77,49,1.57,40,50,8.9,11,,0
58,71,47,4.03,100,110,12.1,15,,0
63,73,50,5.82,130,110,12.1,16.1,,0
60,72,48,5.14,110,120,13,16.1,,0
63,78,48,7.61,170,170,16.1,19.9,,0
71,81,62,7.61,220,220,18.1,23.9,,0.14
61,62,48,7.38,340,340,21,25.9,,0.04
52,58,40,10.51,30,30,21.9,29.1,,0
48,55,42,10.96,40,50,23,31.1,,0
50,56,47,12.97,60,50,21,31.1,,0
50,53,48,14.32,80,80,23,34,,0.01
50,55,47,6.71,100,90,14.1,18.1,,0.16
52,56,50,3.8,50,40,8.9,12.1,,0
56,68,49,3.13,250,260,12.1,16.1,,0.01
56,63,38,6.93,360,330,19.9,25.9,,0
45,58,32,4.7,150,160,16.1,21,,0.09
55,60,42,10.51,340,350,23.9,29.1,,0.01
49,64,33,7.16,250,240,18.1,25.9,,0
62,80,52,9.4,240,240,19.9,25.9,,0
65,68,56,9.4,190,180,17,23,,0.02
55,57,46,9.17,290,280,18.1,29.1,,0.31
48,57,40,6.04,240,240,15,19.9,,0.01
50,63,39,8.5,310,320,23.9,33.1,,0.13
43,47,34,9.4,330,320,23,32,,0
35,45,29,5.37,340,320,17,23.9,,0.02
35,47,26,4.7,10,10,13,17,,0
44,68,27,9.62,220,250,21.9,31.1,,0.01
57,63,47,4.47,100,90,12.1,15,,0.02
52,64,47,9.17,310,310,21,30,,0.05
55,58,33,8.72,330,270,21,28,,0
38,50,25,7.38,120,140,18.1,23.9,,0
53,65,47,11.63,310,310,21.9,33.1,,0.36
47,55,32,6.04,310,320,17,23.9,,0
38,53,25,2.91,110,110,14.1,17,,0
43,56,30,7.61,110,120,21,29.1,,0
51,57,47,13.42,130,120,25.9,36.9,,0.43
46,51,38,11.18,240,240,21.9,34,,0.04
42,50,34,5.82,330,310,15,21,,0
43,49,37,8.72,160,150,18.1,23,,0.62
49,54,46,8.28,260,270,19.9,30,,0.04
53,64,44,5.14,170,160,18.1,21.9,,0
49,63,36,4.7,110,,12.1,,,0
53,76,34,5.14,220,210,16.1,19.9,,0
60,73,44,9.62,200,210,25.1,33.1,,0
57,65,41,10.74,270,260,25.9,38,,0.36
42,48,34,6.71,260,250,18.1,28,,0.11
40,53,30,6.93,230,240,15,19,,0
44,57,28,4.03,210,200,12.1,17,,0
37,51,26,1.12,130,100,8.1,8.9,,0
40,54,26,4.7,130,130,14.1,19.9,,0
48,50,44,12.3,190,110,25.9,33.1,,0.53
41,44,33,10.07,320,260,19.9,25.9,,0.2
37,48,33,7.16,310,310,18.1,25.9,,0
46,60,32,3.8,130,130,13,15,,0
39,52,27,6.04,110,100,17,21.9,,0
47,54,43,12.97,140,140,23,29.1,,0
55,62,52,18.34,160,160,35.1,48.1,,0.08
51,57,34,14.76,220,210,30,40,,0.01
36,38,31,10.74,250,240,21.9,33.1,,0
31,35,27,5.82,330,350,17,21,,0.2
28,32,18,6.04,310,290,14.1,19.9,,0.02
26,33,16,6.04,190,210,10.1,14.1,,0.01
34,41,28,4.25,260,270,8.9,12.1,,0
37,50,26,11.86,170,180,21.9,29.1,,0
50,56,48,9.17,210,220,17,25.1,,0.15
40,56,27,9.84,330,360,19.9,25.1,,0.39
27,35,19,3.8,330,320,10.1,12.1,,0
25,35,15,2.01,70,70,8.1,10.1,,0.02
34,39,28,2.01,110,130,8.9,12.1,,0
39,45,37,8.72,140,110,17,23,,0.06
34,39,23,1.79,290,270,6,8.1,,0.01
36,40,33,6.71,310,320,16.1,25.1,,0.01
39,48,26,4.92,270,230,13,17,,0
33,50,22,4.47,220,230,12.1,14.1,,0
33,49,24,3.58,240,250,10.1,13,,0
38,41,37,4.7,170,190,15,19.9,,0
37,39,34,9.4,180,190,16.1,19.9,,0
40,45,37,7.16,170,180,16.1,21.9,,0
44,54,37,11.41,220,210,25.1,40.9,,0
48,49,39,11.41,220,260,25.9,40.9,,0
41,44,38,6.49,80,100,12.1,17,,0
43,56,42,8.5,110,110,17,23,,0.65
52,57,47,8.5,240,230,19.9,30,,0.86
41,47,33,8.95,330,260,19.9,27.1,,0
37,45,33,12.53,150,150,28,36.9,,0.1
39,45,32,9.62,240,240,19.9,28,,0
30,32,23,9.62,220,240,18.1,25.1,,0
24,25,22,9.17,260,270,21,28,,0.01
28,40,21,7.61,180,180,17,21.9,,0
38,41,36,3.58,210,200,12.1,18.1,,0.19
39,41,37,2.68,170,170,8.9,11,,0
43,57,37,11.86,160,190,21.9,29.1,,0.08
47,59,28,14.76,230,230,40,61.1,,0
35,42,21,4.03,310,310,14.1,17,,0
30,39,19,6.71,70,70,21,27.1,,0.16
33,35,23,13.65,340,330,23.9,33.1,,0.04
23,27,20,16.11,70,90,32,42.1,,0.95
29,33,26,11.18,90,70,25.9,36,,0.62
27,32,26,2.01,280,250,6.9,11,,0.03
29,31,26,6.49,250,250,16.1,23.9,,0.02
25,28,22,8.72,240,270,16.1,23.9,,0.01
27,36,24,8.05,220,230,15,21,,0
28,33,18,11.63,330,350,23.9,35.1,,0
15,19,-9,6.26,40,30,17,19.9,,0.02
7,28,-10,7.61,220,220,21,27.1,,0
26,38,16,6.26,190,210,12.1,15,,0
31,39,25,3.58,190,230,8.1,10.1,,0
36,40,33,7.16,140,150,14.1,16.1,,0.07
36,40,31,5.59,360,360,15,17,,0.31
27,31,14,14.32,320,330,29.1,38,,0.29
14,19,10,6.71,250,210,14.1,19.9,,0.05
15,22,9,9.17,330,340,25.9,33.1,,0.11
12,17,7,7.83,240,240,18.1,25.9,,0.02
18,28,16,3.36,90,120,13,18.1,,0.03
31,36,24,9.4,320,340,18.1,25.1,,0.28
23,26,15,8.5,330,330,19.9,25.9,,0.03
15,22,7,9.17,330,340,21,25.9,,0.02
11,18,5,6.71,290,290,19.9,25.9,,0.06
13,23,6,7.61,310,310,18.1,23.9,,0.03
19,24,2,4.03,250,250,8.9,12.1,,0.02
12,25,0,1.34,260,270,6.9,8.9,,0
23,31,19,2.91,20,320,12.1,15,,0
23,26,9,5.14,30,40,13,18.1,,0
23,29,20,5.82,180,180,10.1,14.1,,0
29,37,26,5.82,160,180,14.1,17,,0
33,34,24,5.82,330,310,15,21,,0.18
26,31,19,9.62,190,210,23.9,32,,0
30,36,17,13.42,320,310,21.9,32,,0.01
17,22,11,8.72,330,320,23,30,,0
29,42,22,10.07,180,240,18.1,25.1,,0
38,43,33,5.59,310,320,14.1,19.9,,0.36
33,35,27,5.82,320,320,13,17,,0
25,33,11,8.95,100,100,23.9,34,,0.96
35,39,27,9.17,110,110,25.1,31.1,,0.19
26,29,14,4.47,280,280,16.1,21.9,,0
23,29,13,3.58,260,270,10.1,14.1,,0
24,32,16,7.83,260,240,17,25.9,,0
32,40,26,8.5,170,180,19.9,25.1,,0
34,42,25,5.14,340,330,16.1,21.9,,0.02
29,32,19,11.41,330,320,18.1,25.1,,0.14
14,19,8,11.41,310,310,21,29.1,,0.12
9,19,4,9.4,330,300,21,29.1,,0.01
15,21,-1,13.87,330,320,25.1,36.9,,0.06
-1,7,-13,7.16,350,330,21,25.9,,0.02
5,19,-11,5.59,150,170,15,19.9,,0.02
14,24,3,6.71,190,170,13,18.1,,0.04
24,30,21,3.36,340,320,14.1,18.1,,0.01
22,28,-4,9.17,340,330,21.9,27.1,,0
8,31,-11,8.72,150,170,19.9,25.1,,0
32,48,26,14.09,230,240,25.9,42.1,,0.09
42,45,38,10.07,250,260,21,32,,0
34,38,23,8.28,340,330,17,25.1,,0
22,26,16,6.04,360,350,14.1,16.1,,0
27,38,20,4.92,190,200,17,21,,0.03
26,33,16,16.55,10,10,35.1,46.1,,0.46
27,31,18,21.47,350,360,36,46.1,,0.41
21,31,9,6.71,330,330,17,23,,0
34,53,25,8.5,240,240,23.9,31.1,,0
33,35,20,9.84,70,100,19.9,25.1,,0
24,35,8,12.3,320,310,33.1,46.1,,0
15,23,8,6.49,10,10,21.9,23.9,,0.54
19,23,4,5.82,350,320,16.1,21,,0.08
12,30,-5,2.68,20,90,14.1,17,,0
16,36,-4,2.68,220,210,12.1,16.1,,0
26,33,17,3.36,100,150,8.1,11,,0
27,40,12,9.4,180,180,23,27.1,,0.03
43,54,36,6.71,230,230,13,18.1,,0
43,61,35,6.49,210,210,16.1,19.9,,0
54,58,40,7.16,270,250,15,21.9,,0.17
40,40,31,7.16,330,340,13,17,,0
35,45,27,6.71,320,310,15,19.9,,0
43,63,24,6.04,260,260,16.1,23.9,,0
39,44,31,10.51,100,100,21,25.9,,0.08
40,46,36,5.14,110,100,13,17,,0.33
40,50,34,6.49,110,100,18.1,25.1,,0
40,49,36,16.78,110,110,25.9,38,,0.83
42,44,34,9.84,270,270,18.1,23.9,,0.02
34,36,20,7.61,30,30,17,19,,0
27,34,16,5.82,120,120,14.1,18.1,,0
26,41,14,4.25,330,340,19.9,23,,0.01
32,41,26,6.71,330,270,16.1,23.9,,0
32,37,27,6.71,30,130,15,19,,0.11
32,35,28,9.84,80,80,17,25.1,,0.1
29,30,25,17.67,30,20,28,34,,0.91
29,42,24,7.16,360,360,19.9,23.9,,0.03
31,45,15,4.92,110,70,14.1,18.1,,0
35,42,30,7.61,120,110,16.1,21,,0.12
39,47,31,13.87,340,330,23,30,,0.28
35,44,26,6.04,140,110,15,18.1,,0
41,53,36,6.93,180,180,18.1,23.9,,0.02
41,44,38,4.92,170,180,18.1,19.9,,1.86
38,49,27,9.84,320,310,17,23.9,,0.06
29,33,20,9.84,340,320,21.9,36,,0
21,26,4,6.49,350,300,13,19.9,,0.46
24,26,15,10.51,350,20,17,21.9,,0.12
23,38,8,6.04,180,180,14.1,17,,0
32,36,30,8.5,30,140,21,30,,0.84
31,33,24,13.2,350,360,25.1,31.1,,0.15
24,29,16,8.28,360,350,15,19.9,,0
22,27,12,10.29,350,360,18.1,25.9,,0
23,33,12,10.74,170,170,23.9,32,,0.23
36,44,32,7.16,270,260,18.1,28,,0
35,40,24,9.17,350,310,21,29.1,,0
32,41,22,5.59,120,120,16.1,18.1,,0
39,52,27,6.93,120,120,17,21,,0
40,53,26,5.82,110,100,15,19,,0
45,65,29,4.92,100,90,15,18.1,,0
51,75,31,4.7,110,100,17,19,,0
54,82,37,7.38,360,350,23.9,29.1,,0
46,57,34,4.92,50,50,13,16.1,,0
45,61,29,7.61,150,140,19.9,23.9,,0
49,60,45,4.03,140,150,14.1,17,,0.34
47,51,36,10.51,10,330,17,23.9,,0
40,47,29,5.82,120,130,14.1,19,,0
38,46,29,6.71,110,120,15,19,,0
38,40,35,12.08,80,80,19.9,28,,1.02
39,50,32,9.17,70,70,21,27.1,,0.2
41,52,30,5.82,130,350,13,18.1,,0
39,48,31,6.93,80,80,19.9,25.9,,0
43,55,32,5.14,80,40,13,16.1,,0
43,58,27,5.14,100,100,14.1,21,,0
48,55,37,6.49,90,60,19.9,25.1,,0.03
48,64,32,3.58,100,130,15,19,,0
51,69,32,4.92,220,190,16.1,23,,0
49,49,43,10.07,350,340,19.9,23,,0.11
51,66,40,7.83,360,,12.1,,,0
53,69,34,5.59,110,100,15,18.1,,0
57,63,45,12.08,350,340,23.9,31.1,,0.04
50,61,38,8.28,320,350,17,25.1,,0
45,57,32,5.82,10,130,16.1,21.9,,0
46,58,31,8.05,130,120,21.9,28,,0
50,67,31,7.38,140,120,18.1,23,,0
57,70,46,5.14,180,150,14.1,17,,0.37
57,64,42,8.72,270,230,17,25.9,,0.12
44,49,35,13.2,340,330,25.1,31.1,,0.06
38,48,32,9.84,320,350,21.9,30,,0.01
44,61,29,5.82,350,10,18.1,25.9,,0.01
48,62,35,5.14,350,10,18.1,25.1,,0
51,64,32,4.03,90,,14.1,,,0
53,70,35,4.7,120,100,17,19.9,,0
57,73,36,5.14,130,130,18.1,18.1,,0
60,79,43,6.49,10,360,21,27.1,,0
60,71,41,5.59,30,20,13,17,,0
56,77,32,4.47,140,120,17,21,,0
65,89,42,6.04,330,340,19.9,27.1,,0
65,78,51,4.92,100,350,14.1,23,,0
66,88,55,5.82,280,290,18.1,28,,0.02
66,79,53,5.82,110,270,16.1,23,,0
70,86,62,7.61,210,190,21,29.1,,0.3
76,86,66,9.4,200,220,21.9,30,,0.24
70,80,55,6.49,250,230,18.1,28,,0
61,68,48,6.04,10,360,15,18.1,,0
55,65,44,7.61,130,140,18.1,25.9,,0.03
62,77,48,6.04,240,240,17,25.9,,0
59,72,43,4.7,100,100,17,21,,0
60,71,46,7.38,100,110,17,23,,0.03
61,70,56,5.14,270,250,17,30,,0.56
62,75,53,8.5,270,290,21,28,,0
57,64,47,9.62,320,320,21,29.1,,0
52,64,43,8.72,320,330,19.9,30,,0
55,72,41,5.37,100,120,15,19,,0
58,72,40,7.61,290,260,19.9,29.1,,0.16
73,90,58,11.63,330,250,25.9,35.1,,0.08
62,72,48,10.51,330,320,23,33.1,,0
56,70,42,2.91,50,220,10.1,17,,0
59,71,44,4.92,110,100,15,19,,0
57,60,52,5.82,120,120,15,19,,0.4
64,82,56,8.28,70,80,17,27.1,,0
72,88,54,3.36,110,110,13,16.1,,0
72,91,53,3.8,20,220,12.1,16.1,,0
76,91,60,6.71,210,220,17,23.9,,0
80,89,56,11.63,310,250,23,35.1,,0
65,79,48,5.37,320,320,17,23.9,,0
62,74,45,5.82,340,340,15,21,,0
60,79,44,3.36,120,110,10.1,14.1,,0
65,82,47,4.03,110,90,15,19,,0
70,91,49,6.93,180,160,19.9,25.9,,0
76,86,68,8.28,240,260,15,21.9,,0.08
73,80,55,8.05,320,350,18.1,25.1,,0
62,73,54,9.84,340,350,18.1,27.1,,0
63,81,46,4.92,90,350,14.1,18.1,,0
64,85,41,4.25,260,230,14.1,18.1,,0.1
64,70,54,9.62,330,320,25.1,32,,0.58
65,80,52,7.38,320,310,21,27.1,,0
66,83,47,4.25,90,100,15,19,,0
69,85,52,6.26,130,130,19.9,25.1,,0
71,86,56,4.03,240,250,14.1,18.1,,0
73,86,61,4.25,350,350,21.9,25.1,,0.31
72,84,64,4.92,70,70,12.1,17,,0.01
68,79,60,4.92,180,190,23,31.1,,0.53
68,80,61,10.07,340,340,21,27.1,,0
69,81,56,4.47,130,110,13,17,,0
71,82,63,5.82,170,200,14.1,19,,0
78,92,65,10.74,170,200,25.9,32,,0.03
79,94,69,10.51,170,200,21.9,29.1,,0
79,83,64,9.84,240,250,21,29.1,,0.05
64,65,49,5.82,330,340,16.1,21,,0.01
60,75,47,5.37,100,90,14.1,17,,0
62,76,49,5.82,190,180,16.1,21,,0.15
71,79,59,8.5,280,280,17,25.9,,0
66,78,52,5.37,120,360,14.1,19.9,,0
68,88,50,6.04,110,130,16.1,19.9,,0
77,86,66,8.5,240,240,21.9,32,,0.32
81,93,65,6.04,330,180,17,23,,0
77,92,59,4.47,10,10,16.1,21,,0
75,87,64,7.38,180,180,21.9,28,,0
79,87,63,7.61,290,320,18.1,28,,0
74,92,56,5.14,80,90,14.1,17,,0
75,91,65,4.47,160,340,18.1,21.9,,0.48
70,80,61,4.47,60,40,10.1,14.1,,0.02
69,77,56,5.59,100,60,13,19,,0
66,78,52,5.59,70,70,17,23,,0
69,81,57,3.8,140,140,14.1,17,,0.05
69,81,57,3.58,150,100,14.1,19,,0
71,86,54,4.92,130,130,15,19.9,,0
78,91,62,4.7,110,110,14.1,18.1,,0
80,95,65,7.38,180,180,19.9,23.9,,0
81,89,64,8.5,310,320,17,25.1,,0
72,86,60,8.05,320,300,17,23,,0
70,83,54,6.93,360,10,16.1,21.9,,0
66,84,48,4.47,100,110,16.1,19.9,,0
69,90,49,6.26,180,180,19.9,25.1,,0
78,97,60,5.59,20,20,18.1,21,,0
79,93,63,5.82,240,240,17,25.1,,0
75,79,67,7.83,290,240,14.1,21,,0.01
68,72,67,6.71,50,50,15,18.1,,0.58
70,83,61,4.92,80,310,13,19,,0
71,84,60,3.36,150,130,14.1,17,,0
74,83,65,5.82,130,150,16.1,21.9,,0.13
69,78,61,3.36,100,290,8.9,13,,0.13
72,87,59,3.58,120,350,15,23.9,,0.01
74,86,61,4.92,190,250,17,28,,0.07
72,82,63,8.28,180,180,21.9,29.1,,0.07
68,72,54,9.62,320,300,21,31.1,,0
62,77,48,5.82,120,180,13,21,,0
72,87,59,7.38,210,220,16.1,23,,0
71,82,56,8.28,180,170,19.9,25.1,,0.13
76,86,64,5.14,270,260,12.1,17,,0
70,82,60,4.47,110,270,14.1,19,,0
65,71,56,3.8,120,180,10.1,14.1,,0.08
72,83,60,5.37,340,270,14.1,19,,0
66,79,49,3.8,130,140,15,18.1,,0
71,87,59,5.37,330,330,18.1,25.9,,0.71
67,77,55,8.05,350,320,19.9,23.9,,0
64,72,51,7.61,360,360,19.9,25.1,,0
61,73,45,3.36,130,30,13,16.1,,0
59,74,44,4.25,140,150,14.1,17,,0
62,82,43,5.82,160,170,16.1,19.9,,0
69,86,50,6.71,200,180,17,25.1,,0
76,92,66,4.25,160,170,18.1,21,,0.27
74,85,70,4.25,100,110,15,19.9,,0.98
74,81,66,7.16,360,260,16.1,21.9,,0.14
68,78,53,5.37,110,90,13,17,,0
66,74,57,6.71,280,270,25.1,42.1,,0.13
61,74,51,5.14,230,220,16.1,19.9,,0
65,79,52,8.5,190,200,18.1,23.9,,0
64,76,53,7.16,320,280,15,19.9,,0.11
62,69,46,4.92,30,60,15,18.1,,0
56,71,44,3.58,150,130,15,19,,0
59,75,44,8.5,140,150,19.9,25.9,,0
70,81,61,4.92,220,230,16.1,23,,0.1
67,75,53,3.8,280,220,13,16.1,,0
65,85,50,5.82,230,230,18.1,25.1,,0.04
68,80,57,5.37,270,270,16.1,21.9,,0
65,77,53,2.46,190,200,8.9,13,,0
65,72,59,3.58,40,40,13,16.1,,0.29
62,65,44,6.93,50,50,16.1,19.9,,0
52,65,39,3.36,130,60,12.1,16.1,,0
54,71,39,7.61,150,160,18.1,23.9,,0
60,64,53,9.17,160,230,19.9,28,,0.75
55,62,50,7.38,210,220,21,27.1,,0.02
57,69,48,6.93,50,40,19.9,25.9,,0
61,65,57,12.08,50,50,21,31.1,,0
62,65,59,12.3,60,60,21,29.1,,0
60,61,57,6.49,80,70,13,18.1,,0.7
60,67,56,4.92,350,350,12.1,14.1,,0.05
59,66,54,4.92,100,130,12.1,14.1,,0.02
59,70,49,6.26,130,170,17,23,,0
63,74,56,8.28,110,160,17,21.9,,0.36
62,70,50,4.03,130,130,13,16.1,,0.08
68,80,53,10.51,200,260,21,29.1,,0.35
51,54,41,7.83,270,260,19.9,29.1,,0
46,54,32,5.59,10,10,16.1,19,,0
44,63,30,5.37,180,170,15,19,,0
52,70,39,6.49,180,180,17,21.9,,0
60,75,46,10.07,320,340,25.1,34,,0.25
47,52,39,4.47,290,310,14.1,21,,0.01
47,59,36,6.04,140,140,14.1,16.1,,0
54,66,40,10.29,210,200,21.9,29.1,,0
65,73,41,3.8,230,220,13,18.1,,0.15
58,71,40,9.17,170,140,25.1,32,,0.12
68,75,49,8.72,320,210,21.9,29.1,,0
56,69,40,3.8,290,280,13,21,,0
49,55,41,7.38,330,330,16.1,21.9,,0
46,49,40,8.28,330,10,19.9,25.1,,0.03
42,51,37,7.61,330,320,18.1,25.1,,0
45,58,36,5.59,340,340,18.1,23.9,,0.01
46,50,40,9.62,340,350,23.9,30,,0.01
42,47,27,6.26,340,340,17,23.9,,0
36,43,27,8.95,80,100,17,21.9,,0.06
40,42,27,7.16,80,80,17,23,,0.34
37,56,26,9.62,180,170,19.9,27.1,,0
56,62,48,6.93,320,280,15,23.9,,0
47,51,35,6.71,360,340,16.1,21,,0
40,53,29,8.72,160,160,21.9,30,,0
55,71,45,8.95,170,190,23.9,31.1,,0
47,54,35,1.12,10,10,6.9,6.9,,0.01
47,57,41,5.37,350,360,18.1,23,,0.01
45,57,34,6.71,270,270,15,19.9,,0
54,69,35,4.92,320,320,14.1,19,,0
46,67,30,3.36,200,190,10.1,13,,0
51,68,35,6.04,190,190,15,19,,0
51,55,40,9.17,350,340,25.1,33.1,,0.05
44,51,32,6.93,360,340,18.1,23.9,,0
51,71,41,11.41,260,260,21.9,34,,0
45,51,33,12.75,340,350,29.1,38.9,,0
38,53,28,9.4,240,240,21,30,,0
46,65,26,9.17,230,220,17,25.1,,0
50,59,34,4.7,120,250,10.1,16.1,,0
44,53,36,1.12,270,310,6.9,8.9,,0
47,56,29,4.25,330,290,15,19,,0.05
42,61,28,8.95,160,160,21.9,28,,0
55,68,43,9.17,180,200,21.9,29.1,,0
46,61,26,14.54,330,340,25.9,36.9,,0.11
28,30,22,16.55,330,330,29.1,40,,0.01
27,33,23,13.87,330,320,30,36.9,,0
29,35,19,6.71,340,340,18.1,23.9,,0
27,39,17,6.93,110,140,15,21.9,,0.56
37,39,36,3.58,120,120,14.1,21,,0.36
37,40,34,3.36,320,320,8.1,11,,0.08
36,42,32,5.37,270,250,14.1,19,,0.03
35,45,26,4.25,220,170,13,15,,0
41,49,32,13.42,140,150,25.9,38,,0.17
49,57,42,12.97,150,160,29.1,40,,0.27
47,54,39,5.37,170,170,14.1,19.9,,0.13
40,44,36,9.4,260,280,18.1,28,,0.04
36,39,34,9.17,290,300,15,23.9,,0.03
38,41,34,4.03,350,270,10.1,14.1,,0
36,40,32,3.8,170,170,16.1,19.9,,0.29
35,41,29,4.92,270,270,14.1,21,,0.04
34,42,25,7.16,150,130,21.9,28,,0
33,36,29,12.75,240,240,21.9,35.1,,0
29,32,25,10.96,310,300,19.9,31.1,,0.03
23,27,18,4.47,330,,12.1,,,0.01
22,24,15,5.82,270,240,14.1,19.9,,0.01
19,26,15,3.13,150,150,8.1,10.1,,0.1
27,32,23,5.37,230,300,14.1,21,,0.06
25,28,11,10.07,260,270,18.1,25.9,,0
13,18,8,12.97,270,240,23.9,33.1,,0.1
12,19,6,10.96,290,260,21,32,,0.01
15,21,12,8.95,190,220,15,21,,0.07
19,25,14,7.83,330,330,21,29.1,,0.3
14,17,5,9.17,320,310,21.9,30,,0
10,21,1,11.63,220,200,19.9,27.1,,0
23,34,16,14.99,240,240,25.9,36,,0
31,34,27,7.61,240,240,14.1,23,,0.08
34,40,30,7.83,240,230,14.1,19.9,,0
35,41,31,8.72,220,220,17,23.9,,0.04
34,38,27,5.59,340,330,14.1,17,,0.06
30,34,26,12.75,130,120,23.9,35.1,,0
37,49,32,16.11,260,260,28,44.1,,0.35
31,32,22,9.62,260,280,23,36,,0.1
24,34,20,9.17,180,160,21.9,25.9,,0.01
33,34,27,7.61,280,270,14.1,23,,0.03
26,28,23,8.05,310,290,17,25.9,,0.05
27,33,23,8.05,260,260,16.1,25.9,,0.23
30,40,18,5.82,230,220,18.1,25.1,,0.01
26,38,13,5.37,110,110,16.1,19.9,,0
35,37,33,5.82,280,280,10.1,14.1,,0.09
26,33,15,14.09,260,260,18.1,36.9,,0.07
15,18,5,10.29,240,270,18.1,27.1,,0
10,20,3,6.93,270,250,13,18.1,,0.03
9,16,-3,8.05,290,290,17,25.9,,0
10,17,0,7.61,190,330,14.1,21,,0.07
18,25,15,9.4,190,200,19.9,23.9,,0.02
27,43,24,14.09,240,230,28,40.9,,0.52
32,35,23,10.51,260,230,31.1,46.1,,0.24
24,24,14,7.16,290,290,17,27.1,,0.29
17,19,-7,4.92,290,280,16.1,25.9,,0
11,30,-4,3.8,250,240,14.1,19,,0
20,32,3,3.8,190,210,13,14.1,,0
26,40,17,3.8,240,230,10.1,16.1,,0
30,35,19,6.71,90,70,15,21,,0.28
35,42,33,6.04,220,210,14.1,19.9,,0
35,37,33,3.8,210,220,8.9,12.1,,0
33,34,31,4.92,150,120,12.1,14.1,,0
34,38,32,4.25,120,110,12.1,16.1,,0
38,44,35,1.34,110,130,6.9,8.1,,0
37,38,35,5.37,120,120,10.1,15,,0.18
36,37,34,2.46,310,300,6.9,10.1,,0.21
35,36,33,2.01,360,260,6.9,10.1,,0.14
34,37,29,9.4,320,280,19.9,29.1,,0.1
30,34,27,8.72,270,290,16.1,23,,0.03
29,31,20,9.17,310,310,18.1,25.9,,0.05
20,21,17,7.16,330,320,15,19,,0.1
18,22,13,6.26,320,320,15,19,,0.02
22,30,19,2.91,150,140,10.1,15,,0.19
26,30,17,7.38,320,300,19.9,30,,0.03
17,20,9,9.62,270,270,19.9,29.1,,0
13,20,-5,7.38,300,280,16.1,23.9,,0.07
18,28,10,8.95,200,190,16.1,23.9,,0
27,30,18,8.95,310,260,23,34,,0
22,30,15,2.91,70,70,8.1,10.1,,0
30,33,26,11.18,90,100,19.9,27.1,,0.37
23,26,14,8.5,300,310,18.1,30,,0
15,19,9,7.16,270,280,18.1,28,,0.01
16,26,11,8.72,170,180,21,25.1,,0.16
29,34,26,3.8,330,340,10.1,12.1,,0
31,36,26,7.83,300,310,23,36,,0.13
30,41,25,8.95,300,300,18.1,25.9,,0
34,39,28,8.05,300,280,15,25.1,,0.04
26,31,18,14.99,320,330,25.9,36.9,,0.02
19,28,9,4.03,330,320,15,21,,0.03
23,39,7,6.49,160,160,16.1,19.9,,0
39,58,21,5.82,240,240,16.1,23.9,,0
41,51,28,6.49,320,320,15,19.9,,0
34,39,26,9.84,130,130,19.9,25.9,,0
43,60,29,7.38,150,130,16.1,21.9,,0.05
43,61,34,5.82,200,200,17,21,,0
45,49,32,8.05,320,290,17,27.1,,0.01
33,34,30,11.18,60,60,21,32,,1.74
31,34,21,9.62,270,290,21.9,33.1,,0.04
26,36,21,10.96,210,230,21,31.1,,0
31,39,18,5.82,110,110,15,19,,0.01
35,41,25,4.7,140,140,15,19,,0.14
32,39,15,15.43,330,20,25.1,34,,0.7
16,24,8,7.38,330,320,16.1,23,,0.01
15,20,4,7.38,320,300,16.1,21,,0.01
13,21,-1,6.04,110,110,16.1,21,,0
21,34,8,12.75,150,150,30,36,,0
37,48,34,7.61,170,170,16.1,21,,0
49,58,43,15.66,230,230,32,53,,0.07
38,42,23,15.21,270,270,29.1,40,,0.01
28,36,23,11.18,280,290,18.1,28,,0
18,23,11,13.87,330,330,25.9,36,,0.04
14,20,10,9.62,320,280,17,25.9,,0.06
17,24,7,5.82,360,20,16.1,21.9,,0.01
17,22,11,7.83,40,40,19.9,23.9,,0.11
12,20,-6,12.75,340,330,23.9,32,,0
20,30,14,15.21,340,340,28,35.1,,0
27,41,17,6.93,340,330,18.1,25.9,,0
28,43,13,6.71,170,180,17,23,,0.06
33,36,32,4.03,110,150,8.9,13,,0.03
37,49,31,5.82,100,100,14.1,17,,0
40,54,28,5.59,360,220,14.1,18.1,,0.02
33,42,22,12.75,340,330,29.1,40,,0
24,34,15,7.83,360,350,21,27.1,,0
25,41,11,7.83,160,160,19.9,23.9,,0.01
35,40,32,6.04,130,130,16.1,21,,0.58
34,37,32,10.96,90,50,18.1,23,,0.03
35,39,33,8.5,120,100,16.1,23,,0.58
40,43,37,4.7,330,320,12.1,15,,0
41,51,30,6.71,30,10,15,18.1,,0
36,44,27,6.49,50,40,15,19,,0
36,40,33,12.75,100,100,21,27.1,,0.4
34,36,30,10.51,70,60,19.9,27.1,,0.1
39,59,24,3.8,320,320,14.1,19.9,,0
45,57,34,4.7,130,140,17,21.9,,0
44,51,39,8.28,130,70,21.9,25.9,,0.44
41,46,39,12.75,340,330,23,31.1,,0.56
40,47,28,5.59,40,40,19.9,25.1,,0.03
38,40,34,21.03,10,10,35.1,46.1,,0.5
38,50,31,14.99,330,340,28,36,,0
43,61,24,6.71,100,100,15,18.1,,0
61,77,50,10.51,190,210,21.9,29.1,,0.04
55,64,35,9.17,10,220,21,23.9,,0.14
37,41,34,6.93,40,40,15,19,,0.16
40,53,29,6.93,350,280,19.9,25.1,,0
41,54,27,4.03,130,100,14.1,19.9,,0
41,55,26,6.04,110,100,16.1,21.9,,0
52,77,40,7.61,330,340,21,27.1,,0.76
57,63,41,7.38,320,310,25.1,36,,0.8
41,44,28,7.16,350,10,15,19.9,,0
36,52,25,9.84,160,160,23,29.1,,0
53,60,41,11.18,360,180,23,29.1,,0
40,42,37,11.41,90,110,21.9,30,,0.57
42,48,39,11.41,340,340,21.9,28,,0
46,62,30,5.59,150,340,13,18.1,,0
47,56,34,9.84,350,340,21.9,28,,0
41,48,31,8.95,90,100,18.1,25.1,,0
46,59,38,8.95,120,110,18.1,29.1,,0
52,69,44,9.62,130,140,23,33.1,,0
63,77,44,14.09,170,180,35.1,42.1,,0
47,62,40,10.07,50,230,18.1,27.1,,0
43,51,37,10.29,10,340,21,28,,0
39,46,35,14.76,60,80,21.9,31.1,,0.85
42,55,37,7.16,90,100,17,23,,0.69
45,47,38,7.83,270,270,18.1,25.9,,0.11
45,59,35,6.26,100,130,15,19,,0
46,59,33,5.59,110,90,15,21.9,,0
45,58,33,11.41,10,340,21,29.1,,0
48,59,39,16.55,340,330,29.1,40,,0
45,51,36,14.54,330,340,25.1,34,,0
42,56,30,9.17,320,340,21,30,,0
43,55,29,6.49,120,90,14.1,17,,0
47,57,38,8.5,130,100,19.9,30,,0
51,62,37,5.59,100,110,15,19,,0
49,63,33,4.92,120,100,14.1,18.1,,0
53,65,38,4.7,250,230,14.1,19.9,,0
53,63,43,10.74,350,330,23.9,32,,0
53,67,35,5.59,100,100,16.1,21.9,,0
56,70,50,6.26,110,140,17,21.9,,0.05
71,89,53,9.17,220,210,23,31.1,,0
71,78,42,11.41,240,270,25.1,45,,0.15
46,54,37,9.62,360,360,21,25.1,,0
46,54,35,12.3,110,100,18.1,27.1,,0
52,67,46,6.93,100,100,17,23,,0.35
55,63,48,9.62,350,260,19.9,27.1,,0
54,66,38,3.36,120,80,13,17,,0.02
54,64,47,8.05,40,30,16.1,21.9,,0
55,57,51,10.74,60,50,19.9,25.9,,0.38
58,70,49,6.26,10,30,12.1,16.1,,0.02
60,73,45,5.59,150,100,15,19.9,,0
62,75,54,4.92,160,320,19.9,25.1,,0.3
61,73,49,5.82,260,250,21,33.1,,0.03
60,69,50,7.83,220,210,21,25.9,,0.02
56,59,44,7.38,260,250,16.1,23.9,,0.02
53,66,39,7.83,270,280,21,34,,0
56,71,38,3.8,100,350,13,17,,0
57,68,43,8.5,130,140,18.1,23.9,,0.2
60,72,50,8.95,360,10,21,25.1,,0.22
60,68,53,10.51,20,20,28,36,,0
61,71,51,9.84,10,360,21.9,30,,0
63,77,46,3.58,110,110,14.1,18.1,,0
62,79,42,3.8,130,130,17,19.9,,0
63,72,52,3.13,130,110,13,19,,0.03
67,92,47,10.29,210,230,25.9,38.9,,0
80,88,68,8.95,230,240,19.9,35.1,,0
74,89,67,6.26,320,330,23,35.1,,0
69,76,53,6.49,60,70,16.1,21.9,,0.08
62,70,51,9.62,120,130,25.1,31.1,,0.05
65,73,58,5.82,330,310,16.1,21.9,,0.65
67,83,55,5.37,250,230,17,30,,0.29
68,83,62,5.59,180,180,16.1,23,,0.07
70,80,61,8.95,220,220,19.9,35.1,,0.82
63,73,58,4.92,80,280,13,18.1,,0.64
61,69,54,5.14,270,270,16.1,25.1,,0.12
62,73,53,5.14,120,110,14.1,18.1,,0
63,79,51,4.47,190,250,17,25.1,,0.35
71,79,60,6.26,360,360,18.1,23,,0.21
64,74,54,6.26,340,350,16.1,19.9,,0.51
58,66,53,4.25,360,350,13,18.1,,0.92
57,63,50,4.25,320,320,16.1,21.9,,0.71
59,72,48,6.49,280,280,14.1,21,,0
62,77,48,8.28,220,220,21,27.1,,0.08
68,83,60,7.38,220,220,19.9,25.9,,0.45
72,81,60,5.59,240,230,17,23.9,,0
65,71,58,6.71,270,280,18.1,27.1,,0.01
65,78,54,5.59,240,240,21,31.1,,0
65,79,53,4.47,130,130,10.1,15,,0
65,78,49,4.7,100,110,15,19,,0
69,87,51,5.37,230,180,13,21.9,,0
74,89,63,6.26,330,320,28,38,,0.03
70,81,61,8.05,360,360,21.9,25.9,,0.12
67,79,55,6.93,280,330,15,23,,0
69,79,62,5.14,130,120,13,16.1,,0.24
67,79,57,3.8,100,170,13,16.1,,0.01
72,83,62,4.25,140,150,16.1,21.9,,0
67,68,60,8.05,80,90,14.1,18.1,,0.01
61,62,60,7.61,80,70,16.1,23,,0.33
63,69,61,6.49,320,320,14.1,19.9,,0.01
69,85,55,5.14,240,220,17,25.9,,0
67,72,58,6.93,360,350,17,19.9,,0
65,79,52,4.7,140,150,13,17,,0
69,89,51,5.14,200,210,16.1,21,,0
77,86,59,5.82,320,20,15,19.9,,0
70,84,58,4.25,70,70,14.1,16.1,,0
72,88,59,4.03,90,100,14.1,15,,0
69,75,62,4.7,140,130,13,16.1,,0
68,78,59,7.61,10,10,23.9,28,,0.6
65,76,55,10.74,10,10,19.9,25.9,,0.09
65,78,50,6.04,110,130,16.1,19.9,,0
66,72,61,6.49,180,190,13,19,,0.48
71,79,62,5.14,20,30,14.1,19,,0.08
67,74,57,6.49,110,90,16.1,23.9,,0
68,84,54,4.47,340,150,13,19,,0
71,86,55,4.25,320,250,13,18.1,,0
74,87,62,4.25,110,110,14.1,16.1,,0
74,87,60,4.47,240,250,14.1,18.1,,0
70,80,60,3.8,30,30,15,17,,0.02
66,71,60,8.05,130,120,17,21.9,,0.26
68,76,57,8.5,200,280,19.9,23.9,,0.08
63,73,50,7.61,320,320,23,32,,0.02
62,78,49,3.58,80,90,17,21,,0.2
64,74,56,5.37,350,360,19.9,25.1,,0
68,84,52,5.37,270,330,16.1,25.1,,0
68,80,57,3.58,120,90,15,19,,0.16
69,81,58,4.7,200,190,16.1,21,,0
70,81,63,5.82,330,320,21,27.1,,0
67,78,52,7.61,10,10,18.1,21.9,,0
66,83,53,4.03,50,280,12.1,18.1,,0
65,74,56,3.8,130,130,21.9,25.9,,1.24
67,79,59,5.37,350,350,14.1,18.1,,0
65,73,55,6.71,110,100,14.1,18.1,,0
67,72,65,8.95,130,130,19.9,23.9,,1.58
69,72,62,9.62,280,280,18.1,27.1,,0.01
67,79,59,5.82,330,330,15,21.9,,0
69,85,56,4.92,220,220,14.1,18.1,,0
74,86,67,5.14,120,120,13,15,,0
72,77,57,8.28,320,310,21.9,33.1,,0.07
61,69,52,8.5,320,320,19.9,25.9,,0
58,67,47,6.71,20,350,15,21.9,,0
57,71,44,2.46,360,10,12.1,15,,0
56,72,40,2.91,130,110,14.1,17,,0
58,71,47,4.25,140,130,16.1,19.9,,0.01
64,68,59,5.82,100,100,13,16.1,,0.06
66,73,62,6.71,130,130,17,21.9,,0
67,80,59,6.93,360,10,19.9,23,,0
59,64,43,6.93,20,40,17,21.9,,0
51,64,36,3.13,130,30,14.1,18.1,,0
51,70,33,5.14,130,100,16.1,19.9,,0
62,78,50,6.04,290,320,15,23,,0
64,69,51,7.16,350,250,19.9,27.1,,0.33
56,65,47,4.92,320,320,19.9,29.1,,0.27
53,64,41,4.03,360,10,15,18.1,,0.24
55,63,50,6.49,330,330,15,21,,0.34
54,61,42,5.82,350,360,16.1,21.9,,0.3
52,65,41,2.91,120,90,10.1,14.1,,0
51,66,37,3.58,110,100,13,17,,0
56,74,39,4.25,200,220,13,17,,0
61,78,46,2.68,100,100,12.1,17,,0
62,79,48,3.58,110,120,14.1,17,,0
62,79,47,2.01,110,110,10.1,12.1,,0
67,83,52,5.82,190,210,14.1,17,,0
70,84,55,6.26,210,190,16.1,21,,0
71,86,58,7.16,280,290,21,29.1,,0.83
63,71,48,5.59,350,340,14.1,17,,0
57,69,45,5.14,100,100,15,19,,0
68,77,61,4.92,110,110,14.1,16.1,,0
71,86,62,5.59,20,30,18.1,19.9,,0.01
74,92,60,5.59,320,330,28,38.9,,0.05
76,93,62,3.58,210,270,10.1,15,,0
76,91,62,4.03,150,160,13,18.1,,0
73,88,59,3.13,110,110,12.1,13,,0
72,89,59,2.91,100,110,13,17,,0
66,70,50,8.5,290,320,18.1,25.9,,0.1
55,67,45,5.82,270,270,14.1,18.1,,0
55,61,43,7.83,350,340,23.9,30,,0.53
48,61,34,2.24,110,110,12.1,14.1,,0
48,65,33,4.25,140,140,16.1,19.9,,0
55,73,41,6.71,130,120,18.1,23,,0
64,81,50,10.07,230,230,19.9,25.9,,0
68,73,44,7.16,290,300,13,23,,0.21
54,66,45,5.59,270,250,15,21.9,,0.01
58,66,53,4.03,130,120,10.1,13,,0.04
65,78,59,12.08,190,190,23,30,,0.38
67,77,49,6.93,180,260,15,23,,0
59,78,43,3.36,350,10,13,19,,0
54,62,47,7.61,360,360,16.1,23,,0
52,58,39,9.62,60,100,21,27.1,,0
50,58,42,6.93,110,100,16.1,21.9,,0
58,66,54,4.03,230,250,13,17,,0.02
57,61,47,6.26,180,90,14.1,21,,0.25
55,68,40,12.3,330,330,23,30,,0.72
44,55,33,5.59,200,190,14.1,19,,0
53,70,40,7.16,250,260,18.1,25.9,,0
54,71,39,9.62,220,220,18.1,29.1,,0
60,65,50,8.95,250,270,18.1,25.9,,0
57,78,36,5.82,250,250,18.1,25.9,,0
57,76,41,6.71,180,170,15,19,,0
66,78,53,9.17,160,170,25.1,29.1,,0.09
54,60,51,7.61,130,160,23.9,36,,3.16
51,57,39,14.54,210,200,23.9,35.1,,0.26
40,47,34,8.05,320,250,17,23.9,,0.05
38,47,29,4.25,120,120,10.1,15,,0
47,52,42,10.51,100,100,23,34,,0.04
43,47,38,7.83,210,210,16.1,21,,0
39,48,28,3.58,270,330,10.1,16.1,,0
37,47,27,5.82,240,320,15,25.1,,0.04
38,45,34,7.83,240,280,17,23.9,,0.05
37,44,30,6.04,160,160,17,21.9,,0
40,47,36,3.13,230,230,10.1,13,,0.15
42,46,32,6.93,330,330,21,29.1,,0
37,45,32,6.26,130,90,17,27.1,,0.22
46,52,39,7.16,320,310,14.1,19.9,,0.04
39,41,30,6.93,330,330,21,27.1,,0
34,42,22,3.8,330,330,15,19,,0
31,45,19,6.04,240,240,15,19,,0
35,38,18,11.41,320,320,25.1,38,,0.04
18,25,9,6.49,330,320,21,29.1,,0.05
20,32,9,4.7,180,180,21,25.9,,0.01
32,36,29,3.36,220,220,12.1,15,,0
35,39,33,2.24,240,230,8.1,10.1,,0
35,45,26,5.14,170,170,15,18.1,,0.01
39,42,35,10.07,160,160,18.1,25.9,,1.46
36,41,28,10.96,320,280,21.9,29.1,,0.06
31,37,28,7.83,150,160,19.9,23.9,,0.44
37,39,34,6.71,330,320,17,23,,0.52
33,36,28,10.51,320,320,23,30,,0.01
32,45,28,7.61,200,210,15,21.9,,0
41,49,29,12.53,320,310,21.9,31.1,,0
29,34,24,6.49,310,290,15,23,,0.01
32,39,26,5.82,240,220,15,19.9,,0
39,57,26,10.51,210,210,21,29.1,,0
43,52,29,10.74,310,330,23.9,38,,0.04
32,43,26,8.95,310,320,21,31.1,,0
33,38,30,7.38,330,320,15,21.9,,0
44,58,36,10.96,230,230,18.1,27.1,,0.02
38,41,23,8.72,320,320,21.9,32,,0
34,43,24,8.5,240,240,18.1,25.1,,0.08
39,46,25,4.7,260,260,13,17,,0
40,50,26,3.58,190,180,8.9,12.1,,0
35,42,25,3.58,150,220,8.9,12.1,,0
39,54,32,12.97,190,160,28,36,,0.12
46,56,25,19.01,220,240,30,50.1,,0.07
26,28,24,12.53,240,240,23,36,,0.01
24,27,22,8.5,220,220,15,21.9,,0.03
24,28,21,8.72,220,250,21,29.1,,0.05
22,28,13,5.82,360,310,16.1,23.9,,0.07
22,28,16,8.5,320,330,18.1,23.9,,0.02
18,24,16,6.71,160,290,12.1,17,,0.14
15,25,8,14.09,330,330,28,38.9,,0.01
11,17,-1,5.59,10,10,17,21,,0.03
14,21,5,6.26,330,320,15,19.9,,0
21,27,18,6.93,210,260,14.1,18.1,,0.06
17,21,9,6.26,10,360,15,18.1,,0
19,29,14,3.8,160,150,10.1,13,,0
29,36,28,4.92,220,230,13,18.1,,0
38,43,30,11.41,260,250,23,35.1,,0
28,30,25,8.95,310,280,21,31.1,,0
24,29,21,6.71,50,70,15,19.9,,0.15
30,32,29,6.26,90,80,14.1,19,,0.3
28,31,19,6.49,310,290,13,19,,0.04
17,21,0,4.25,210,210,12.1,14.1,,0.04
17,20,6,8.95,260,270,23,32,,0.08
4,10,-9,5.59,270,260,14.1,19.9,,0.02
0,10,-16,4.25,330,330,13,17,,0
-5,15,-19,2.01,240,250,8.1,8.9,,0
9,17,0,4.03,240,240,12.1,15,,0
8,14,-4,5.82,10,10,18.1,19.9,,0
4,7,-10,7.16,340,330,17,23,449,0
3,15,-12,8.5,290,300,18.1,27.1,,0
16,23,12,12.08,250,260,21.9,32,,0
16,21,7,10.07,310,290,17,27.1,,0.02
4,7,-2,11.41,310,320,21,28,,0.04
-2,1,-8,11.18,330,330,21,29.1,,0.06
-2,3,-16,6.49,340,340,17,21.9,,0.02
7,28,-8,10.74,190,190,19.9,27.1,,0
29,32,26,7.83,340,310,21.9,32,,0.08
27,30,14,5.82,310,320,15,21,,0
26,45,17,9.84,160,170,18.1,23.9,,0.01
47,51,37,9.17,320,310,15,21,,0.36
25,37,11,16.78,330,340,28,36.9,,0.01
9,12,0,9.17,350,350,19.9,25.1,,0.01
9,20,-3,7.61,180,180,17,19.9,,0
17,21,13,10.29,130,110,21,28,,0.25
17,20,2,7.83,40,40,18.1,21.9,,0.1
12,25,-7,9.17,230,250,21,31.1,,0.01
24,32,19,7.16,240,230,10.1,15,,0
32,41,25,9.17,240,250,21.9,29.1,,0
39,43,28,5.37,320,250,14.1,21.9,,0
33,43,25,2.68,100,110,8.1,11,,0
33,36,32,11.18,80,80,25.1,34,,0.85
28,35,19,12.97,330,330,23.9,31.1,,0.26
18,22,9,4.92,340,350,19.9,25.1,,0.02
19,29,7,4.7,180,200,10.1,14.1,,0
30,46,21,10.29,210,220,17,25.1,,0
43,47,34,11.18,260,260,21,32,,0
30,35,19,7.16,10,320,15,19,,0
18,23,12,10.51,10,320,17,21,,0
14,20,11,6.49,160,,10.1,,,0
24,35,20,11.18,170,170,23,29.1,,0.05
22,30,10,11.18,340,310,21.9,29.1,,0.05
8,16,-1,7.83,340,340,21,27.1,,0
13,23,9,4.92,200,210,12.1,14.1,,0.14
17,23,-2,11.63,10,330,21,25.1,,0.11
7,19,-13,7.83,240,240,18.1,23.9,,0
11,20,-7,3.58,240,300,15,21.9,,0
8,21,-4,4.25,330,330,15,19,,0.02
9,21,-9,5.82,270,270,17,25.9,,0.01
11,24,-3,2.91,10,10,15,17,,0.03
16,25,-1,2.24,100,270,8.9,11,,0
13,24,-1,4.03,270,280,12.1,17,,0.28
17,23,-6,6.49,280,270,15,21,,0
7,27,-11,6.49,170,170,17,21,,0
32,49,23,10.07,240,240,16.1,23,,0
42,51,28,9.84,320,320,21,29.1,,0
27,28,10,9.62,320,330,21,30,,0
22,34,9,9.17,220,210,17,23,,0
31,37,27,9.4,180,180,23.9,33.1,,0
34,41,25,6.49,40,20,15,19,,0.16
37,57,31,7.38,320,320,18.1,23,,0.68
33,37,21,8.28,310,310,18.1,25.1,,0
24,30,18,4.7,140,130,13,15,,0
33,43,30,9.62,260,260,18.1,30,,0.03
34,38,30,8.5,110,100,21,28,,0
36,42,33,17.67,240,240,30,44.1,,0.21
36,46,25,8.5,280,270,19.9,30,,0
41,61,28,8.05,260,260,21,33.1,,0
36,44,27,7.61,350,340,17,21,,0.02
30,35,21,6.71,320,320,18.1,23.9,,0
33,40,25,11.86,340,340,21,27.1,,0
28,39,18,4.92,10,330,13,15,,0
26,38,16,2.24,60,40,12.1,19,,0
24,34,13,6.93,100,100,16.1,21,,0
30,32,29,10.51,110,110,19.9,25.1,,0.31
28,30,23,7.38,330,300,18.1,23.9,,0.32
27,33,23,10.51,340,320,16.1,21.9,,0.18
29,33,26,10.07,330,320,23,31.1,,0
27,30,19,7.16,350,360,15,19.9,,0
21,36,3,3.13,330,270,10.1,14.1,,0
22,33,12,2.68,310,290,12.1,15,,0
28,30,24,12.3,330,330,23,30,,0.1
25,39,15,6.49,320,320,18.1,23.9,,0
27,30,19,12.75,320,310,25.1,35.1,,0.01
22,35,16,10.07,330,320,21,27.1,,0
28,39,16,5.37,350,350,15,19,,0
32,44,18,8.72,360,340,18.1,23,,0
26,30,15,7.38,60,80,16.1,21.9,,0
20,26,10,8.95,50,70,18.1,23,,0
23,34,13,8.72,30,40,17,23,,0
28,38,16,7.61,360,320,19.9,23.9,,0
28,34,19,8.5,360,350,16.1,21,,0
25,31,16,9.17,30,50,19.9,23.9,,0
25,32,14,8.95,100,90,18.1,25.9,,0
34,46,26,11.86,140,140,29.1,38,,0
39,47,33,8.28,140,140,19.9,23.9,,0.4
35,45,23,5.37,110,110,15,17,,0
34,48,26,7.38,340,320,18.1,27.1,,0
32,44,24,9.17,330,320,19.9,25.9,,0
32,39,22,8.5,320,320,25.1,36.9,,0.19
26,35,19,7.61,240,220,16.1,23.9,,0
28,44,14,6.93,240,240,16.1,21,,0
31,35,27,11.63,30,30,21.9,31.1,,0.44
27,30,16,15.21,320,320,25.9,36.9,,0.5
23,37,10,6.49,240,250,18.1,25.1,,0
28,36,19,7.83,330,290,25.9,36.9,,0.14
23,29,17,7.61,270,300,16.1,23,,0
24,35,13,4.7,130,320,14.1,17,,0
27,38,15,3.13,120,90,13,16.1,,0
31,46,14,3.8,250,230,18.1,23,,0
35,45,25,6.26,330,320,17,23,,0.01
33,37,23,7.38,120,120,17,21.9,,0.22
35,40,31,5.59,40,50,16.1,19,,0.54
28,33,23,14.99,50,60,30,40,,1.04
26,31,24,19.69,80,90,32,45,,0.84
32,34,26,9.62,70,60,18.1,23.9,,0.7
29,35,25,9.84,310,320,18.1,27.1,,0.19
33,38,30,8.5,360,10,18.1,21.9,,0
35,45,29,13.42,330,330,23.9,31.1,,0
37,50,21,4.47,20,10,13,13,,0
38,57,24,2.46,100,100,13,14.1,,0
40,59,23,3.36,130,120,14.1,16.1,,0
40,56,24,3.58,130,130,13,16.1,,0
45,59,33,2.91,350,190,12.1,14.1,,0.09
42,47,33,8.95,330,330,16.1,19.9,,0.23
42,60,30,5.14,130,130,14.1,17,,0
37,41,30,8.5,360,360,18.1,21.9,,0.09
38,46,32,14.09,360,360,23,29.1,,0
41,59,27,4.92,340,340,16.1,21,,0
45,69,26,4.7,120,120,19.9,25.9,,0
68,86,58,10.74,220,220,23.9,36.9,,0
69,75,47,9.17,240,270,18.1,28,,0.05
50,63,42,6.04,320,320,13,15,,0.03
46,58,41,10.07,340,340,28,38.9,,0.7
60,76,48,9.17,360,10,23,27.1,,0
50,59,38,4.92,30,20,14.1,19,,0
49,64,33,5.37,130,130,17,21.9,,0
59,76,41,5.37,220,220,12.1,18.1,,0
60,79,43,10.74,180,170,23.9,35.1,,0.5
57,61,38,11.86,330,330,23.9,33.1,,0.08
40,46,29,5.82,100,130,14.1,18.1,,0
43,59,28,4.47,70,50,13,17,,0
50,67,32,4.47,100,100,15,18.1,,0
57,77,38,4.7,100,100,18.1,21.9,,0
61,68,40,7.16,30,350,17,23.9,,0.01
58,84,36,6.26,360,360,18.1,21.9,,0
56,58,40,7.61,40,20,16.1,21,,0
51,60,36,11.18,110,120,23,30,,0
50,54,46,5.82,310,340,13,16.1,,0.83
54,65,40,7.38,350,20,14.1,21,,0
54,67,37,3.58,110,140,12.1,18.1,,0
59,72,51,3.58,20,80,12.1,17,,0
64,81,49,6.04,10,10,14.1,19.9,,0
67,87,48,4.03,10,210,15,21,,0
74,90,57,6.71,350,270,19.9,27.1,,0
68,84,56,4.92,100,130,15,19,,0.21
68,89,54,5.14,350,350,17,21.9,,0
72,87,56,3.36,10,20,14.1,17,,0
66,71,56,7.38,100,100,19.9,30,,0
65,74,56,7.38,120,120,17,21.9,,0
71,85,61,8.28,240,260,18.1,25.9,,0.57
61,66,52,9.17,20,30,16.1,21,,0
55,65,44,7.38,50,60,16.1,21.9,,0
59,71,50,4.92,330,290,14.1,18.1,,0.69
58,67,52,9.17,330,280,21,32,,0
54,63,47,9.4,340,340,21,25.9,,0
56,69,40,5.82,120,120,16.1,19.9,,0
62,75,48,6.04,20,10,16.1,21.9,,0
62,73,47,4.92,120,100,12.1,16.1,,0
60,72,47,3.58,110,110,14.1,18.1,,0
60,73,45,7.38,80,60,19.9,25.9,,0
61,73,42,5.82,120,110,15,19.9,,0
61,77,41,5.82,140,130,19.9,23.9,,0
67,76,57,8.5,330,270,25.1,42.1,,0.04
68,80,52,8.05,330,350,19.9,25.9,,0
65,77,47,4.03,120,130,16.1,19,,0
69,82,57,3.8,360,360,14.1,17,,0
75,96,59,6.49,220,230,21,25.9,,0
78,83,63,6.93,320,310,23.9,32,,0.01
65,72,47,4.92,120,100,16.1,21.9,,0
64,82,46,3.13,30,340,12.1,15,,0
62,67,43,8.28,90,80,17,21.9,,0
57,74,37,5.59,80,100,14.1,18.1,,0
59,63,55,4.03,110,70,8.9,12.1,,0.13
62,69,50,5.37,30,30,13,17,,0
58,69,42,4.92,120,140,14.1,19,,0
56,77,37,5.82,130,120,17,23.9,,0
64,77,54,5.37,100,80,15,18.1,,0
72,90,54,5.14,320,330,18.1,25.9,,0
75,94,55,6.71,190,200,23,28,,0
87,99,75,8.05,180,270,16.1,21.9,,0
86,98,72,10.07,180,210,23.9,31.1,,0.01
79,87,63,6.26,100,310,14.1,23.9,,0
75,90,58,5.37,120,130,19.9,23,,0
77,93,60,5.82,120,120,18.1,23,,0.03
77,91,65,8.05,330,330,21.9,29.1,,0.16
69,79,52,9.62,350,360,21.9,29.1,,0
67,86,47,4.7,190,200,16.1,21,,0
72,93,50,7.83,230,200,16.1,23,,0
80,94,67,7.83,250,260,16.1,21,,0
75,86,57,7.38,350,330,18.1,23.9,,0
71,84,55,2.46,80,140,12.1,15,,0
68,80,52,4.92,180,190,14.1,19,,0
74,90,65,6.26,360,360,17,21.9,,0.16
76,86,64,2.91,100,100,12.1,16.1,,0.01
74,89,61,4.92,120,120,16.1,21.9,,0
76,90,64,5.59,110,320,16.1,25.1,,0.39
69,77,56,9.62,360,360,21.9,36,,0
64,77,49,3.8,110,30,14.1,19,,0
66,85,48,6.04,120,130,18.1,27.1,,0
71,81,60,8.28,130,130,21,31.1,,0.01
70,72,67,7.61,110,120,15,21.9,,0.25
70,78,64,9.4,80,70,21.9,31.1,,0.23
68,76,64,4.7,60,70,15,21,,0.01
70,79,66,1.79,290,300,16.1,29.1,,0.79
72,85,59,5.14,300,270,14.1,21.9,,0
69,80,59,5.82,270,270,14.1,25.9,,0.07
65,73,58,6.26,310,260,15,23.9,,0.05
66,80,55,6.49,330,300,18.1,27.1,,0
65,82,50,4.03,360,360,21.9,29.1,,0.01
67,84,52,3.36,100,100,14.1,19,,0
68,83,52,3.8,110,100,13,17,,0
71,85,61,3.8,220,220,21,29.1,,0.13
68,81,61,3.8,10,360,17,21.9,,0.37
70,79,59,4.47,110,340,10.1,14.1,,0
70,86,58,6.71,170,170,16.1,21,,0
81,93,70,8.28,330,340,23.9,36.9,,0
76,80,67,6.04,230,230,17,25.9,,0.01
70,79,62,4.7,10,70,12.1,15,,0
69,81,61,2.91,100,120,13,16.1,,0
73,84,59,6.49,360,350,18.1,25.1,,0
70,85,53,3.8,160,160,13,18.1,,0
71,86,59,3.36,130,30,12.1,17,,0.02
70,83,58,4.47,130,130,15,19,,0
69,83,55,3.8,130,110,14.1,18.1,,0
75,94,57,4.25,280,270,13,19,,0
74,86,62,4.03,140,150,15,18.1,,0
72,84,59,4.92,80,120,13,19,,0
77,87,68,6.26,10,360,15,18.1,,0
70,76,57,4.92,360,360,12.1,14.1,,0
68,81,56,5.59,130,120,16.1,21.9,,0
71,82,61,5.37,120,120,16.1,21,,0
68,71,62,6.26,310,330,14.1,21,,0.56
66,79,56,9.17,340,290,21,30,,0.01
68,85,55,6.26,250,260,16.1,28,,0
69,82,53,8.05,180,210,21,31.1,,0
68,74,63,6.04,180,180,14.1,19.9,,0.86
71,83,63,3.8,110,260,13,18.1,,0
74,81,69,8.28,200,220,17,25.1,,0.01
76,81,68,8.5,10,190,21.9,36.9,,0.96
69,73,56,8.05,330,320,15,23,,0.13
60,65,47,4.03,120,90,10.1,14.1,,0.03
59,77,43,6.26,130,130,17,21.9,,0
71,79,63,7.83,220,230,15,23.9,,0
74,86,66,6.71,190,240,16.1,23,,0.05
74,83,67,3.8,20,270,10.1,16.1,,0.01
71,86,63,5.82,200,180,16.1,21.9,,0.97
76,87,60,8.5,220,200,25.1,36.9,,1.58
64,73,49,5.59,20,20,15,19,,0
58,73,46,5.82,20,10,14.1,18.1,,0
58,64,44,7.83,100,100,17,23,,0
55,65,43,10.07,70,70,19.9,27.1,,0
61,69,48,6.93,90,100,15,23,,0.02
58,75,44,3.58,110,110,13,16.1,,0
63,80,47,4.7,120,140,16.1,19.9,,0
61,76,47,3.58,100,130,13,18.1,,0
68,81,57,2.01,150,120,12.1,16.1,,0
66,82,54,2.46,90,70,14.1,17,,0
66,82,50,3.13,110,110,13,17,,0
72,88,55,5.37,340,340,21,30,,0
64,71,55,5.14,330,340,12.1,16.1,,0
59,65,54,5.59,100,110,14.1,18.1,,0
61,67,57,6.49,140,140,19.9,28,,0.96
70,79,50,14.32,240,250,30,52.1,,0.02
52,63,40,4.47,310,310,10.1,21.9,,0
53,67,41,6.71,90,50,18.1,23,,0
57,65,54,10.74,120,140,19.9,27.1,,0
68,79,62,7.83,180,220,14.1,19.9,,0.11
59,68,46,7.83,280,310,18.1,32,,0
53,67,38,8.95,180,180,21,30,,0
55,57,47,6.26,240,270,13,21,,0.16
47,53,42,4.7,320,320,17,25.9,,0
45,50,42,1.34,210,200,6.9,10.1,,0
49,56,45,8.5,100,60,19.9,28,,0.34
51,54,36,6.93,30,60,16.1,21,,0.07
48,74,36,10.96,190,210,21.9,36,,0.94
58,73,34,11.18,310,310,23.9,44.1,,0.48
43,52,34,8.72,120,120,19.9,31.1,,0.02
54,61,47,7.38,330,330,17,23,,0.05
49,50,47,7.16,40,50,13,17,,0
55,70,48,7.61,140,100,15,23,,0.64
72,86,61,6.71,350,320,21.9,29.1,,0
66,79,56,7.38,190,200,19.9,27.1,,0.36
58,68,39,11.63,250,240,23,36.9,,0.02
41,45,38,6.49,280,260,15,25.1,,0
41,51,32,4.47,270,230,14.1,23,,0
46,59,35,5.82,200,180,13,17,,0
44,47,34,8.05,260,260,25.1,42.9,,0.24
43,57,34,12.08,220,210,19.9,36.9,,0
40,44,32,10.29,340,310,25.1,42.1,,0.08
38,52,28,8.5,230,240,18.1,31.1,,0
51,57,46,12.3,210,280,21,36,,0.12
44,46,35,12.97,330,330,29.1,42.1,,0
36,41,31,6.71,340,330,17,25.9,,0
39,57,25,2.91,240,240,14.1,19,,0
42,47,38,9.62,340,330,21.9,34,,0.03
39,44,28,4.92,340,350,13,17,,0
36,47,22,3.13,210,200,10.1,13,,0.02
43,45,41,3.8,70,70,12.1,15,,0.25
42,44,37,8.5,50,60,18.1,23.9,,0.28
38,42,36,4.7,290,280,8.9,18.1,,0.04
41,52,31,7.38,320,280,16.1,28,,0
38,51,24,6.26,190,180,16.1,23,,0.41
48,55,36,4.92,240,310,13,21,,0.13
38,44,32,3.13,20,360,12.1,15,,0
40,43,37,9.17,10,10,17,25.9,,0.06
37,38,24,4.92,320,320,15,19.9,,0
33,46,22,10.29,130,120,21.9,32,,0
47,52,37,9.84,140,120,21,31.1,,0.09
45,52,37,9.62,50,280,19.9,31.1,,0.73
40,43,34,10.96,250,250,19.9,35.1,,0.05
35,38,32,3.8,260,230,10.1,17,,0
34,35,30,4.7,260,250,18.1,32,,0.7
28,30,23,8.05,260,260,21,36,,0.01
27,32,23,6.71,200,200,15,23,,0.04
31,33,27,4.7,310,270,8.1,13,,0
26,28,21,6.93,320,310,16.1,25.1,,0
23,27,12,4.25,230,260,13,17,,0
22,35,12,4.25,160,150,15,19,,0.09
33,36,30,4.92,290,300,14.1,23.9,,0.17
31,32,20,6.93,340,290,17,23,,0.01
23,35,8,5.82,220,210,17,29.1,,0
28,33,22,3.8,10,10,21,25.1,,0.03
23,30,15,7.61,330,240,14.1,21.9,,0.03
21,30,11,10.96,320,340,23.9,32,,0.02
15,25,5,8.5,160,150,19.9,27.1,,0
31,41,25,11.86,180,170,18.1,29.1,,0
39,42,37,8.05,150,150,15,19.9,,0.09
38,40,31,7.16,320,260,15,25.1,,0.01
31,32,28,12.75,320,320,23,34,,0
28,29,27,12.53,320,310,19.9,30,,0
29,33,27,9.4,300,300,17,27.1,,0
31,35,28,5.14,180,180,14.1,18.1,,0.05
30,35,22,1.57,270,220,6,8.9,,0
31,38,27,5.59,80,100,18.1,31.1,,0
37,40,32,11.86,40,70,23,34,,0.8
31,33,22,12.3,350,350,19.9,28,,0.37
24,32,14,3.8,270,260,8.9,13,,0
27,31,20,6.71,240,230,13,21,,0
27,30,15,9.17,320,320,21.9,30,,0
20,25,15,5.82,290,220,13,19,,0.01
22,28,12,5.82,270,260,16.1,25.1,,0
23,31,15,6.71,310,270,14.1,23.9,,0
30,35,26,6.26,190,200,13,17,,0
30,32,29,4.92,270,250,12.1,18.1,,0
32,36,28,8.95,130,120,21,27.1,,0.04
35,37,32,5.82,160,220,10.1,14.1,,0
36,48,29,5.37,240,220,14.1,18.1,,0.03
33,42,22,2.68,130,120,8.9,12.1,,0
30,45,22,4.25,230,240,10.1,16.1,,0
33,35,29,11.18,320,320,23.9,40.9,,0
29,34,25,7.38,180,210,16.1,23,,0
34,45,30,6.71,150,210,13,18.1,,0
37,41,32,4.7,170,200,10.1,15,,0.09
36,38,27,11.41,340,330,21,30,,0.2
25,27,22,7.38,330,320,19.9,29.1,,0
27,31,24,2.01,170,140,6.9,8.9,,0.06
30,31,22,4.7,330,320,15,21,,0.04
27,32,22,3.36,260,270,8.1,12.1,,0
29,31,27,3.36,20,30,12.1,14.1,,0.01
31,39,29,14.32,130,130,23.9,35.1,,0.28
43,50,23,10.96,320,330,21,29.1,,0.04
20,23,10,6.49,320,320,17,23.9,,0
24,31,20,7.38,230,210,17,23,,0
28,33,19,5.82,360,10,17,21.9,,0.7
23,33,3,10.51,340,340,23.9,33.1,,0.04
8,27,-8,4.25,180,190,13,17,,0.07
27,34,24,8.5,230,230,17,25.9,,0
35,44,20,5.14,230,250,13,21,,0
31,46,22,5.82,320,320,23,33.1,,0
31,35,21,9.84,340,340,21.9,33.1,,0
28,39,26,18.57,140,140,28,45,,0.58
36,40,28,7.61,350,270,19.9,30,,0.02
26,28,19,12.53,330,300,25.1,38.9,,0.1
17,19,9,12.3,320,320,23,35.1,,0
13,22,2,1.57,270,290,6.9,10.1,,0
21,24,4,6.49,50,50,14.1,19,,0.01
15,23,-2,3.8,50,50,10.1,13,,0.05
19,30,2,4.92,220,220,10.1,16.1,,0
30,32,29,6.26,240,240,21.9,31.1,,0
23,31,7,8.5,320,300,23,40,,0.04
11,24,-4,3.13,180,180,15,19,,0.03
21,24,9,7.83,330,320,21.9,27.1,,0
8,10,2,10.74,40,40,17,21,,0
2,4,-1,13.2,350,330,23,29.1,,0.02
2,15,-10,4.7,330,330,13,17,,0.02
7,23,-12,9.17,170,150,23,30,,0.24
23,30,22,4.92,310,300,18.1,28,,0.28
24,28,19,4.7,240,250,12.1,17,,0.04
14,19,-3,8.05,290,290,18.1,34,,0.04
-4,10,-25,6.04,170,220,15,21,,0
4,10,-16,6.49,300,290,17,28,,0
-1,15,-20,11.63,20,80,19.9,32,,0.59
8,16,-3,9.17,230,220,23,36,,0.02
1,5,-4,11.63,240,250,21.9,36.9,,0.04
2,8,-5,10.29,250,280,18.1,28,,0
-3,14,-23,4.47,190,260,10.1,15,,0
18,30,10,6.04,200,200,14.1,19.9,,0
33,45,28,4.92,110,120,13,17,,0.02
38,48,33,8.05,290,240,16.1,29.1,,0.04
26,35,14,9.84,330,330,19.9,28,,0
22,26,20,8.5,60,90,15,23,,0.29
23,36,20,9.84,260,240,23,33.1,,0.47
22,34,9,13.42,250,240,30,46.1,,0.06
13,20,9,6.71,260,280,14.1,21.9,,0
11,22,-1,2.01,20,140,8.9,10.1,,0.05
21,24,18,10.51,70,100,17,23.9,,0.06
24,26,22,15.66,80,100,25.1,38.9,,0.55
20,24,15,8.95,300,280,21,36.9,,0.15
20,33,5,6.26,130,140,17,23.9,,0.17
28,34,21,12.75,250,260,25.1,42.1,,0.13
22,25,0,6.93,320,320,21,31.1,,0
10,23,-4,6.71,50,70,16.1,23,,0.01
16,18,-4,9.84,360,360,17,21.9,,0
5,28,-13,4.7,90,120,14.1,17,,0
16,30,3,6.93,110,100,21.9,32,,0.13
32,35,27,10.74,250,260,21.9,34,,0
27,34,15,4.92,130,120,12.1,16.1,,0
24,33,12,8.95,120,120,21.9,31.1,,0.08
34,42,21,17.45,270,260,32,53.9,,0.35
19,21,5,14.32,280,290,30,47,,0.04
10,17,3,5.59,360,350,15,19,,0
14,22,1,2.46,120,140,14.1,19.9,,0.29
12,27,-8,3.36,120,120,14.1,17,,0.01
15,34,-4,4.03,110,90,13,16.1,,0
24,28,17,7.61,320,300,21,29.1,,0.18
17,20,-4,6.49,310,320,13,19,,0.02
1,14,-17,4.92,240,230,15,23,,0
7,17,1,7.83,270,260,18.1,28,,0
7,18,-7,5.82,240,320,16.1,23.9,,0
10,22,-4,5.82,260,320,16.1,23.9,,0
11,35,-11,3.58,50,220,13,19.9,,0
16,32,-2,10.29,100,110,23.9,35.1,,0.01
33,36,29,11.86,250,240,23,36.9,,0.38
31,34,22,10.96,270,290,23,36,,0
24,44,3,4.7,210,250,13,21.9,,0
35,39,33,6.26,140,140,13,17,,0.24
40,54,34,8.05,220,210,21,33.1,,0.25
38,43,27,11.63,230,230,23,36,,0
27,31,18,9.84,310,290,21,35.1,,0.01
22,37,7,3.58,110,120,13,17,,0
26,40,9,4.7,360,360,18.1,25.1,,0
32,45,21,4.92,210,210,13,19,,0
38,48,32,8.95,190,180,14.1,21.9,,0
37,42,32,3.8,320,320,15,19,,0
33,35,24,15.88,340,340,30,42.1,,0
29,45,16,6.71,230,240,16.1,23,,0
36,41,26,8.05,350,350,19.9,23,,0
28,36,15,7.38,320,330,17,25.9,,0
29,43,14,4.7,100,90,13,16.1,,0
37,52,24,10.51,210,210,21.9,33.1,,0.01
48,51,33,9.17,210,210,17,28,,0
37,44,29,6.26,120,120,15,21.9,,0
33,36,25,8.95,320,290,19.9,30,,0.24
25,31,20,12.3,330,340,28,38.9,,0
29,44,19,8.05,240,260,18.1,25.9,,0
38,42,35,8.72,200,200,16.1,25.1,,0.08
36,41,26,10.74,310,320,23.9,40.9,,0.06
31,40,18,5.37,90,130,15,21,,0
33,43,31,5.82,140,150,14.1,18.1,,0.09
41,52,36,2.01,130,140,8.9,13,,0
43,56,36,6.93,100,110,16.1,23,,0.25
45,58,39,7.16,280,290,16.1,28,,0.1
41,47,34,10.29,330,350,23.9,32,,0.04
36,42,28,6.93,20,10,17,21,,0
31,34,28,14.54,100,110,25.1,38,,0.32
40,58,34,12.3,230,250,29.1,45,,0.29
41,43,34,10.51,240,240,23.9,36.9,,0
34,38,31,11.41,10,360,25.1,36,,0.56
38,53,32,9.84,350,360,21.9,28,,0.01
40,47,30,4.25,160,70,12.1,16.1,,0
39,50,31,8.5,120,120,21,31.1,,0.31
47,60,38,8.05,120,140,17,25.9,,0.79
41,49,33,12.53,10,10,21.9,28,,0
43,60,30,8.72,20,20,19.9,28,,0
47,63,32,4.92,120,120,15,21.9,,0
54,76,40,6.04,170,150,23.9,36,,0
49,58,40,11.18,320,310,23,35.1,,0.04
45,61,33,8.5,140,130,17,21.9,,0
53,71,40,7.16,120,100,17,21.9,,0
48,57,33,14.09,330,340,32,45,,0.15
38,50,31,12.75,320,310,28,44.1,,0
40,51,28,6.04,360,350,19.9,29.1,,0
35,41,27,7.61,120,120,21,33.1,,0.1
39,46,35,7.61,110,110,14.1,21.9,,0.01
40,42,35,12.3,80,70,25.9,40.9,,1.19
37,41,35,4.92,120,110,12.1,15,,0.1
42,53,35,8.05,340,350,15,21,,0.02
46,59,29,4.47,100,90,15,21,,0
49,69,32,4.7,130,120,18.1,23,,0
49,54,38,9.62,330,330,18.1,23.9,,0.01
44,55,33,7.38,360,360,16.1,23.9,,0
42,53,27,10.07,90,90,23.9,35.1,,0.01
46,63,39,9.4,120,110,21,33.1,,1.25
47,52,33,9.84,330,280,21,31.1,,0
44,54,30,4.25,130,100,14.1,25.1,,0
45,52,39,6.04,90,80,15,19.9,,0
48,55,40,6.71,50,70,18.1,25.9,,0
53,71,35,5.82,340,330,15,21,,0
56,69,43,6.93,340,360,21,29.1,,0
48,68,35,7.61,320,120,18.1,23.9,,0
53,61,40,11.63,360,310,19.9,29.1,,0
44,47,32,7.61,100,100,16.1,23,,0.08
45,49,43,7.61,90,70,19.9,28,,0.42
48,55,43,11.18,330,310,21.9,30,,0.01
51,65,36,6.26,120,120,15,19.9,,0
51,59,45,10.51,130,140,23.9,38.9,,0.05
57,73,45,10.29,270,300,23.9,38,,0.55
55,62,51,6.49,140,100,15,21,,0
62,83,52,8.05,360,230,21.9,27.1,,0.73
63,73,50,6.71,10,,13,,,0
54,58,44,6.71,100,130,15,23.9,,0.22
48,53,45,5.82,40,50,12.1,16.1,,0.4
56,71,48,4.7,110,90,14.1,18.1,,0
61,78,47,7.61,360,310,19.9,33.1,,0
51,57,37,6.04,130,140,18.1,23.9,,0
51,61,42,4.25,90,70,13,17,,0
53,63,44,10.51,350,330,25.1,35.1,,0
51,64,38,6.71,330,310,18.1,28,,0
54,70,45,5.14,30,30,15,19,,0
50,57,47,5.59,20,30,14.1,18.1,,0.02
57,73,41,3.58,100,90,13,18.1,,0
61,78,43,3.58,100,100,14.1,17,,0
60,75,42,4.92,110,140,16.1,23,,0
57,73,45,4.92,140,120,14.1,19.9,,0.27
59,64,48,8.5,290,300,18.1,35.1,,0.83
58,74,40,5.82,120,320,15,23.9,,0
60,71,52,4.03,120,120,16.1,21,,0.66
54,56,49,9.4,330,320,23.9,36,,0.47
56,74,47,9.17,240,230,23,38,,0.36
60,69,46,8.28,350,230,17,23.9,,0.2
53,63,42,4.7,80,70,15,21.9,,0.01
58,72,42,3.36,130,120,13,17,,0
59,74,45,3.8,120,130,15,19.9,,0
59,67,51,2.24,10,140,8.9,12.1,,0
60,73,50,7.61,10,20,18.1,27.1,,0
62,71,46,6.71,360,40,17,25.1,,0
62,75,44,3.8,140,100,13,17,,0
60,75,40,5.82,110,120,17,25.9,,0
61,70,56,6.71,210,210,18.1,28,,0.36
70,82,62,10.51,240,260,19.9,30,,0
74,85,62,7.38,260,250,16.1,28,,0
75,90,58,5.37,230,280,13,19,,0
71,78,64,2.91,160,150,12.1,15,,0.07
73,88,62,6.26,330,260,17,25.9,,0
67,75,54,5.37,130,90,13,19.9,,0
65,86,51,4.03,250,210,10.1,16.1,,0.39
71,79,60,2.91,110,20,6.9,10.1,,0.01
71,87,56,3.8,20,30,10.1,15,,0
68,82,50,4.25,100,110,15,19.9,,0
75,89,63,5.37,360,90,13,18.1,,0
70,75,58,6.26,40,30,18.1,25.1,,0.02
64,74,50,4.47,100,100,14.1,19,,0
62,79,45,3.58,100,360,10.1,15,,0
65,81,48,4.03,90,90,14.1,18.1,,0
70,92,52,7.38,330,190,19.9,30,,0.27
68,70,61,8.28,250,320,16.1,29.1,,0
67,80,57,5.82,130,120,14.1,18.1,,0
73,87,61,6.49,350,310,18.1,33.1,,0
69,84,53,4.25,330,330,15,21.9,,0
64,76,50,4.03,170,180,14.1,21,,0.18
77,90,66,6.93,30,260,16.1,25.1,,0
73,81,63,5.37,140,50,13,19.9,,0
74,90,59,6.71,250,210,16.1,25.1,,0
81,95,72,4.92,280,310,12.1,19,,0
77,82,68,6.49,330,330,25.9,42.1,,0.24
72,83,60,7.83,340,340,17,25.1,,0
67,79,57,8.5,340,20,18.1,27.1,,0
64,76,48,6.49,10,360,18.1,23,,0.01
65,81,50,4.7,310,320,14.1,21.9,,0.01
69,86,53,4.03,100,110,13,19,,0
75,87,61,7.61,190,190,18.1,27.1,,0
76,85,66,9.4,220,250,19.9,34,,0.5
74,87,64,5.37,100,110,15,19.9,,0
73,81,63,4.92,200,220,14.1,21.9,,0.15
69,77,54,6.71,320,310,18.1,29.1,,0
63,79,49,3.8,10,10,13,19,,0
63,80,47,2.91,120,90,13,21,,0
68,86,49,2.91,130,360,12.1,16.1,,0
72,86,58,4.92,10,20,15,21,,0
69,77,57,5.37,90,130,13,19,,0
67,87,51,6.71,10,350,23.9,36.9,,1.32
71,82,60,4.7,360,360,15,18.1,,0
69,83,53,4.47,100,240,13,18.1,,0
72,80,59,7.38,320,310,13,28,,0.02
66,78,57,9.17,320,300,21,33.1,,0
66,80,52,5.37,280,330,15,25.1,,0
67,86,50,3.8,210,220,12.1,18.1,,0
72,81,58,4.03,340,350,13,16.1,,0
66,75,53,4.92,60,60,15,19.9,,0
64,76,51,3.8,110,120,14.1,21,,0
61,74,46,2.68,360,10,14.1,17,,0
60,76,44,5.14,100,90,15,21,,0
70,82,59,5.82,250,290,14.1,21,,0
69,84,54,7.83,170,230,21.9,35.1,,0
71,81,55,6.04,130,110,15,21,,0
66,83,48,3.58,100,130,14.1,18.1,,0
67,81,53,7.16,340,340,19.9,25.9,,0.01
62,72,50,6.93,350,350,19.9,25.9,,0
60,73,46,4.92,10,10,17,23,,0
58,73,42,3.36,120,130,13,19,,0
59,76,43,6.71,140,140,19.9,25.1,,0
66,76,57,14.09,130,140,29.1,42.9,,0.69
71,82,59,10.51,250,280,21,36.9,,0.04
64,70,55,7.83,240,240,19.9,31.1,,0
64,76,53,8.28,210,210,21.9,31.1,,0
64,73,50,7.16,270,260,18.1,33.1,,0
58,71,41,3.36,90,90,13,16.1,,0
59,72,44,5.37,110,100,14.1,21.9,,0
65,74,48,6.04,360,340,16.1,19.9,,0
59,77,44,6.93,220,220,19.9,30,,1.09
63,70,43,8.72,320,320,19.9,32,,0
54,72,38,3.58,120,120,14.1,18.1,,0
58,65,50,6.49,120,100,15,21.9,,0.06
60,72,53,6.71,330,320,21.9,31.1,,0.1
56,64,40,5.14,40,40,14.1,18.1,,0
50,65,36,5.14,110,110,15,19.9,,0
65,80,59,8.05,220,220,17,27.1,,0.35
66,69,56,7.16,50,70,14.1,19.9,,0.42
57,62,55,10.51,120,50,16.1,25.9,,0
63,75,58,12.3,140,270,21,32,,0.21
65,72,46,8.95,240,250,18.1,31.1,,0
56,63,50,6.04,100,110,15,19.9,,0.18
62,69,58,2.68,10,260,8.9,11,,0.04
60,72,48,3.13,100,90,10.1,13,,0
64,80,52,7.38,180,170,16.1,21.9,,0
67,82,55,6.93,180,200,16.1,23,,0
65,78,59,2.46,110,120,13,14.1,,0
70,87,56,7.16,220,210,18.1,30,,0
73,75,60,9.4,200,180,17,28,,0.67
62,67,54,5.59,250,250,16.1,25.1,,0.12
58,71,43,4.25,120,120,15,19.9,,0
64,74,56,8.05,210,210,21,28,,0.04
58,63,44,6.04,260,250,18.1,29.1,,0.14
55,64,46,5.82,170,180,17,23.9,,0.05
58,63,44,6.26,360,350,17,21.9,,0
50,58,40,5.82,110,110,16.1,23,,0
59,66,56,7.16,340,360,18.1,28,,0.02
65,77,53,7.38,330,330,16.1,23,,0.33
53,55,49,9.4,30,20,17,23,,0.22
51,58,48,8.72,100,90,19.9,25.9,,0.26
48,53,31,5.59,20,330,13,17,,0.01
44,56,32,7.83,130,140,21.9,32,,0.06
56,66,51,10.29,240,230,19.9,32,,0
56,64,36,7.16,280,270,18.1,34,,0
47,65,31,5.14,110,130,16.1,21.9,,0
49,66,33,4.7,140,130,18.1,25.1,,0
49,63,35,6.71,120,110,17,23,,0
59,69,47,12.75,140,110,23.9,36.9,,0.68
46,49,37,10.51,190,190,21,30,,0.18
43,45,36,7.83,180,200,16.1,25.1,,0.06
40,50,33,7.61,240,240,18.1,29.1,,0
41,50,32,8.95,100,120,23.9,40,,0.58
47,50,42,14.32,340,330,28,38.9,,0.42
44,49,40,11.18,330,320,21,30,,0
42,53,31,4.47,130,120,13,16.1,,0
43,58,30,6.49,120,170,16.1,21,,0
51,65,40,3.13,20,20,13,16.1,,0.03
49,55,43,10.51,120,110,23,36,,0.44
52,56,42,12.75,200,180,25.9,42.1,,0
47,51,44,10.51,240,250,23,36,,0
45,51,30,5.59,270,320,16.1,27.1,,0.02
39,49,26,3.13,310,310,14.1,21.9,,0
35,52,22,6.93,150,130,21,27.1,,0.38
49,56,33,7.16,320,320,21.9,31.1,,0.56
42,56,29,3.36,240,250,14.1,19.9,,0
46,48,38,4.7,330,260,13,17,,0.08
40,46,33,4.25,10,90,13,17,,0.13
38,40,32,15.21,10,320,25.1,34,,0.98
33,37,30,7.83,310,310,17,32,,0
36,43,33,8.05,260,210,14.1,21.9,,0.1
35,40,26,6.93,240,240,16.1,23.9,,0
39,47,35,7.83,220,230,16.1,23,,0.15
36,39,30,7.38,280,250,16.1,28,,0.08
29,33,25,6.71,230,250,14.1,25.1,,0.02
28,34,23,5.82,360,360,15,19,,0.02
27,34,24,5.82,210,230,12.1,17,,0
30,38,27,8.72,220,240,16.1,23.9,,0.03
35,39,26,8.28,310,340,17,29.1,,0.01
24,26,18,8.5,360,350,17,23,,0.16
17,23,6,6.04,290,290,15,27.1,,0.02
17,22,14,10.74,180,180,21.9,29.1,,0.04
24,30,20,8.95,230,260,18.1,32,,0.03
31,36,16,10.29,330,330,21,30,,0
22,33,9,5.37,120,120,19.9,25.1,,0
26,38,13,5.37,150,170,14.1,17,,0
35,41,32,2.46,170,130,8.9,12.1,,0
36,39,33,1.12,240,240,6.9,8.1,,0
38,47,31,3.36,100,210,8.9,12.1,,0
40,46,35,10.96,160,270,21,31.1,,0.12
33,36,21,9.62,310,280,21.9,36,,0
31,44,21,6.26,210,220,17,27.1,,0
34,48,24,5.82,280,260,16.1,27.1,,0
36,50,27,5.14,180,160,16.1,21,,0.08
41,47,36,4.92,90,90,10.1,17,,0
43,50,32,13.65,90,100,29.1,40,,1.79
32,34,29,10.29,360,330,21.9,31.1,,0
30,32,29,3.36,40,40,8.9,12.1,,0
29,34,26,10.74,100,100,23.9,38,,0
32,34,28,18.12,80,70,25.9,42.1,,0.55
28,33,14,9.4,30,30,19.9,25.9,,0.05
22,33,10,5.82,240,250,14.1,21,,0.01
32,35,29,6.71,320,320,19.9,30,,0.01
29,32,27,6.71,320,320,21.9,32,,0.03
28,30,18,6.71,320,330,21,30,,0.16
23,31,13,7.83,180,170,18.1,23.9,,0
33,40,28,9.62,200,200,21.9,31.1,,0
37,42,29,4.47,330,320,17,25.1,,0.61
24,29,16,9.84,290,300,19.9,32,,0
16,17,12,11.86,270,260,23,42.1,,0
17,35,12,7.83,150,140,19.9,27.1,,0.03
35,38,30,5.59,190,190,12.1,17,,0
33,36,29,5.59,330,300,17,23.9,,0
24,29,17,7.83,300,300,18.1,33.1,,0
23,32,14,5.37,240,250,13,19,,0
26,29,19,6.93,330,290,16.1,28,,0.02
15,19,5,10.51,340,320,23.9,36.9,,0
12,24,5,6.26,170,180,16.1,21.9,,0.02
27,32,24,8.05,130,120,21,30,,0
31,44,18,6.71,180,180,13,18.1,,0
41,51,36,7.83,240,240,15,21.9,,0
40,46,24,6.71,300,310,16.1,23,,0
31,35,23,8.95,130,130,17,23.9,,0
36,39,34,6.26,110,120,13,19.9,,0
39,45,36,8.05,120,100,15,21.9,,0
38,42,33,7.38,270,260,15,23,,0
32,38,21,3.36,210,210,8.9,13,,0
35,37,32,12.97,100,90,21,29.1,,0.42
36,37,31,14.99,220,200,25.1,40.9,,1.22
32,35,28,9.62,280,300,16.1,25.9,,0.04
29,35,26,9.62,250,280,15,23.9,,0.01
38,45,32,8.5,220,210,17,27.1,,0
38,40,31,5.37,330,270,13,18.1,,0
30,32,28,6.49,290,290,13,19,,0.02
30,33,29,7.38,170,170,15,21,,0.22
30,32,14,9.4,270,270,23.9,40,,0.02
28,37,15,8.95,250,320,19.9,27.1,,0
21,24,13,10.29,320,340,23,38.9,,0
21,41,13,12.75,160,150,25.1,36.9,,0.03
40,46,29,5.82,220,220,14.1,21.9,,0
30,34,16,16.33,30,20,25.1,35.1,,0.48
17,20,13,6.04,20,30,21,29.1,,0.12
23,33,19,2.91,140,140,8.1,11,,0.05
31,36,29,7.16,150,280,14.1,18.1,,0.01
33,34,29,3.8,330,280,10.1,14.1,,0.06
27,30,18,9.84,330,320,23.9,33.1,,0.01
18,23,14,4.7,150,150,15,19,,0
26,32,22,12.75,130,120,28,42.9,,0.52
21,24,-2,9.4,320,300,18.1,27.1,,0.05
11,26,-6,5.82,310,340,14.1,25.1,,0
22,30,12,8.72,240,230,17,29.1,,0
29,38,23,10.51,200,230,16.1,23.9,,0
31,35,28,4.7,110,100,10.1,15,,0
35,37,34,10.07,90,90,19.9,28,,0.1
36,39,34,3.13,100,90,12.1,17,,0.1
34,35,30,7.61,310,280,16.1,27.1,,0.05
31,33,29,7.83,330,330,14.1,19,,0.01
29,30,26,7.38,330,300,13,19,,0
27,28,25,2.91,340,350,8.9,13,,0
27,30,25,4.47,190,180,8.9,12.1,,0
30,33,28,5.14,190,200,10.1,14.1,,0.04
33,35,28,7.38,210,190,16.1,28,,0.05
32,36,30,6.71,280,280,14.1,23,,0.24
34,40,28,4.7,300,300,13,23.9,,0
30,32,19,10.29,320,330,19.9,31.1,,0
20,26,16,4.03,210,310,10.1,18.1,,0
22,28,19,2.68,360,350,8.1,11,,0
23,27,11,9.62,10,10,21.9,25.9,,0.05
12,20,-4,4.25,110,10,10.1,13,,0
22,31,14,6.04,180,220,12.1,19,,0.31
28,32,9,5.59,330,340,15,21,,0
21,29,10,6.49,240,240,14.1,21.9,,0.01
29,39,23,9.4,220,230,19.9,27.1,,0.03
16,30,1,12.97,10,10,23.9,31.1,,0.04
8,19,1,7.16,260,210,14.1,23,,0
13,31,-2,11.63,170,190,21,32,,0
28,32,15,7.61,320,300,15,23,,0
14,29,-5,6.71,140,130,17,23,,0.03
30,35,22,11.41,290,260,25.1,45,,0.28
21,23,10,8.05,270,290,16.1,28,,0
12,23,-4,5.82,330,320,14.1,21.9,,0
21,40,11,11.18,230,230,23,34,,0
34,48,26,8.05,230,210,15,23.9,,0
39,51,25,9.62,240,230,18.1,34,,0
38,45,28,5.37,330,340,13,17,,0
30,32,25,10.29,360,10,18.1,23,,0
24,28,21,12.08,360,10,19.9,23.9,,0
19,22,12,13.65,280,310,23.9,40,,0.01
20,24,16,13.42,320,270,23.9,36,,0.1
20,32,9,5.82,320,320,17,27.1,,0.03
24,43,5,7.83,180,170,25.9,33.1,,0
36,45,22,4.47,320,290,15,23,,0
29,43,17,2.91,280,300,13,21.9,,0.03
33,35,25,6.71,310,290,17,29.1,,0
27,38,13,9.84,120,120,21,27.1,,0.16
30,33,13,13.65,20,30,25.9,36,,0.19
22,45,0,5.37,180,170,18.1,25.1,,0
39,57,20,7.38,190,180,17,25.9,,0
51,55,44,8.05,210,220,17,25.1,,0.28
37,44,25,10.96,320,320,25.1,36,,0.25
31,38,26,4.7,160,160,10.1,14.1,,0.13
36,45,29,9.62,160,160,19.9,25.1,,0.09
38,44,30,16.11,260,260,25.1,44.1,,0.04
32,34,25,9.17,320,320,18.1,30,,0
26,31,17,5.82,60,40,14.1,18.1,,0
28,43,15,6.26,190,170,18.1,23.9,,0
38,43,22,8.28,260,280,21,36,,0.01
30,36,20,5.14,180,190,15,21,,0.01
34,43,24,8.05,130,130,17,25.1,,0.48
34,40,20,11.41,320,330,28,38.9,,0.16
22,29,13,6.49,360,350,15,19.9,,0
22,36,10,7.38,140,130,21,27.1,,0
33,48,25,2.68,10,70,16.1,21,,0
34,44,26,4.7,110,130,14.1,19.9,,0
37,50,31,4.7,100,160,13,16.1,,0.08
39,42,31,3.8,350,340,13,16.1,,0.26
38,47,30,5.37,150,120,15,19.9,,0
36,44,30,6.49,100,110,18.1,28,,0.08
44,59,38,9.62,90,100,21,31.1,,0.47
40,41,36,10.51,10,330,17,23,,0.01
38,40,34,8.95,20,30,14.1,18.1,,0
43,54,37,6.93,10,360,16.1,27.1,,0
45,60,31,7.83,330,340,19.9,29.1,,0
42,55,25,4.03,130,130,13,17,,0
37,51,26,5.82,340,310,16.1,23,,0.04
38,53,27,7.83,340,340,17,23.9,,0
39,56,22,3.8,20,320,14.1,17,,0
40,47,29,5.37,120,120,16.1,21.9,,0.13
45,61,37,8.5,360,350,25.1,36,,0.18
38,44,31,11.41,330,320,25.9,42.9,,0.03
35,44,29,12.53,340,340,28,38.9,,0
37,51,27,5.59,120,100,19.9,23.9,,0
41,55,32,6.71,130,120,17,23.9,,0.19
42,50,30,12.08,280,270,29.1,51,,0.3
31,38,23,8.5,240,220,23,36,,0
29,37,22,7.16,320,320,19.9,28,,0
31,41,22,8.28,260,270,21.9,35.1,,0
34,49,19,4.7,30,30,17,21.9,,0
39,58,22,10.51,220,210,23,34,,0
45,51,22,10.51,350,330,25.1,36,,0
36,58,19,8.28,220,230,21,34,,0.13
32,34,25,13.42,290,290,25.1,47,,0.05
30,42,22,7.16,140,150,19.9,23,,0
34,39,31,9.17,130,100,19.9,28,,0
41,52,28,4.92,100,110,14.1,19.9,,0
40,55,23,3.8,100,90,14.1,18.1,,0
44,60,27,7.38,20,350,19.9,25.9,,0
41,54,25,5.82,110,210,17,23.9,,0.24
46,55,41,6.93,120,130,17,25.1,,0
44,47,41,11.63,60,50,28,40,,1.85
43,45,41,9.62,350,350,18.1,27.1,,0.22
49,66,35,5.14,20,130,14.1,17,,0
51,70,39,4.7,280,320,17,28,,0.05
53,65,40,12.08,340,340,28,34,,0
42,49,35,11.86,20,10,21.9,35.1,,0
40,49,30,5.37,350,40,14.1,18.1,,0
44,62,27,6.26,340,350,17,27.1,,0
46,52,30,10.96,320,320,25.1,40,,0
32,39,28,11.86,330,330,25.9,44.1,,0.01
33,45,27,7.61,270,300,18.1,29.1,,0.01
37,45,25,6.04,330,340,18.1,23.9,,0
39,47,26,8.72,320,330,19.9,29.1,,0
37,48,22,8.5,330,320,23,33.1,,0
38,51,20,7.38,130,100,18.1,23.9,,0
46,55,42,6.26,170,160,16.1,21,,0.02
54,69,46,5.82,30,60,19.9,25.1,,0.01
50,59,38,6.71,80,110,15,23,,0
48,57,39,8.5,90,90,17,25.9,,0.68
51,57,46,14.54,70,30,23.9,38.9,,0.56
53,61,47,12.08,70,70,21.9,30,,0
56,70,40,6.26,140,120,17,23.9,,0
54,70,35,5.82,130,130,18.1,23.9,,0
61,76,43,4.25,120,120,15,19.9,,0
62,76,47,5.82,110,110,16.1,21.9,,0
60,73,55,4.7,120,120,14.1,19.9,,0.14
63,75,52,4.92,120,120,14.1,19,,0
70,87,55,4.7,340,100,16.1,23.9,,0.07
74,90,60,5.82,170,170,21,27.1,,0
72,82,62,7.61,160,160,21,30,,0.31
65,70,56,4.7,360,360,14.1,18.1,,0.47
56,61,40,10.51,340,330,21.9,31.1,,0.02
50,67,36,6.49,320,300,17,29.1,,0
59,78,37,6.71,220,220,15,25.1,,0.06
69,92,55,5.82,360,300,21.9,29.1,,0.07
72,84,59,6.49,330,320,18.1,27.1,,0
67,76,54,5.37,130,100,14.1,18.1,,0
63,80,49,2.91,330,120,12.1,14.1,,0.16
62,72,51,9.62,350,10,21,29.1,,0
55,62,41,4.03,100,110,12.1,17,,0
58,75,46,5.37,100,100,14.1,17,,0
69,88,52,7.16,130,140,17,23.9,,0
73,90,61,14.32,240,220,23.9,40.9,,0.7
63,74,48,12.08,350,260,23.9,38,,0.06
53,65,44,10.51,360,350,18.1,27.1,,0
53,66,40,5.14,120,110,15,34,,0
55,68,38,4.47,120,110,16.1,25.1,,0
54,70,36,5.37,120,150,16.1,23,,0
60,81,39,5.37,120,90,17,25.9,,0
67,84,47,4.92,120,130,17,23,,0
68,85,48,4.25,110,110,15,19.9,,0
71,88,52,3.58,100,90,15,19.9,,0
72,88,56,3.58,310,320,15,25.9,,0
73,81,57,6.93,10,20,15,19,,0.02
67,81,51,4.25,110,110,14.1,19.9,,0.12
68,79,57,8.05,320,320,23,38,,1.15
60,70,53,9.4,270,290,19.9,34,,0.03
66,82,50,5.59,270,320,17,27.1,,0
71,86,53,5.37,230,220,15,21.9,,0
76,85,64,7.61,320,290,18.1,27.1,,0
72,85,59,3.8,110,160,12.1,16.1,,0
72,87,55,3.58,100,100,14.1,19,,0
72,86,53,3.8,120,100,12.1,16.1,,0
72,88,56,3.36,90,90,10.1,16.1,,0
77,94,60,4.7,320,320,14.1,19.9,,0
80,90,68,6.26,350,10,14.1,19,,0
76,88,58,3.8,110,120,12.1,15,,0
72,91,57,3.58,120,110,14.1,17,,0
75,90,58,4.7,120,120,15,21,,0
78,93,67,4.92,120,280,13,19,,0
77,91,63,4.92,110,130,15,18.1,,0
78,96,63,4.7,30,20,19.9,27.1,,0.08
75,85,67,4.03,330,320,18.1,25.9,,1.29
73,84,62,9.17,320,300,21,33.1,,0
67,75,58,9.17,330,350,21,28,,0
69,79,57,8.28,340,10,23,33.1,,0
66,78,52,5.37,110,120,15,21,,0
73,84,64,7.61,260,260,21,33.1,,0.95
71,81,60,4.92,360,360,10.1,15,,0.04
72,90,55,5.14,270,220,16.1,28,,0
72,89,61,7.38,310,300,30,53,,0.41
75,86,67,8.72,330,320,28,38,,1.02
69,73,53,6.26,310,310,16.1,23.9,,0
62,75,51,4.03,100,90,15,19.9,,0
64,74,57,7.38,40,40,21.9,29.1,,0.71
67,79,56,4.25,40,40,12.1,17,,0
68,82,53,3.8,140,100,10.1,17,,0
72,90,54,5.37,190,170,14.1,19.9,,0
80,88,72,6.71,250,240,21.9,35.1,,3.59
77,83,66,5.14,280,290,14.1,23.9,,0
72,83,61,6.26,240,260,19.9,29.1,,0.01
71,81,63,5.14,330,350,15,21.9,,0
69,79,58,6.26,360,340,16.1,21.9,,0
69,80,57,4.7,30,30,13,19,,0
69,81,54,3.13,100,120,12.1,17,,0
69,74,63,7.38,330,330,16.1,19.9,,0.09
62,63,58,7.38,10,10,16.1,19.9,,0.26
61,69,55,8.5,350,360,16.1,23,,0.04
62,74,51,4.92,280,330,14.1,23,,0
64,80,49,3.8,90,100,14.1,18.1,,0
67,80,54,3.13,130,80,13,18.1,,0
67,83,52,6.49,170,210,17,23.9,,0
74,87,61,4.92,190,200,31.1,46.1,,0.04
76,91,68,6.49,270,250,16.1,31.1,,0.39
73,82,56,6.04,340,330,21,28,,0.08
71,86,56,4.25,120,120,12.1,15,,0
69,84,56,2.91,110,120,10.1,16.1,,0
71,83,58,5.82,130,140,17,23.9,,0
72,84,58,6.26,170,150,18.1,23,,0
71,81,61,5.59,330,320,18.1,25.1,,0.73
67,77,55,5.59,340,330,18.1,25.9,,0.09
63,71,54,8.72,350,360,19.9,27.1,,0
61,73,50,4.92,130,100,12.1,18.1,,0
69,87,55,6.93,260,230,17,32,,0.37
69,79,60,2.01,130,140,13,17,,0.1
68,79,57,3.13,170,150,10.1,15,,0
73,86,64,4.03,170,230,14.1,23,,0.17
74,88,62,4.47,270,270,15,23.9,,0
74,82,60,7.61,320,320,19.9,25.9,,0
66,71,60,6.71,350,360,16.1,19.9,,0.78
73,81,60,6.49,320,320,17,27.1,,0
66,73,59,6.49,120,110,16.1,21.9,,0.24
65,72,57,10.74,350,350,23.9,34,,0.13
61,68,50,4.47,130,290,12.1,16.1,,0
61,76,47,6.71,150,160,21.9,27.1,,0
65,75,58,3.13,40,60,8.9,12.1,,0
65,77,52,6.93,240,260,19.9,32,,0.46
63,81,48,7.61,280,300,21.9,40,,0.47
60,70,49,7.16,270,280,21,36.9,,0
58,72,46,5.14,330,300,16.1,23.9,,0
56,73,40,11.18,170,170,29.1,40.9,,0
66,68,51,7.61,320,320,21.9,27.1,,0
54,56,49,5.37,30,40,16.1,19.9,,0.02
53,57,50,7.16,50,40,13,17,,0.24
53,58,41,4.92,20,20,12.1,15,,0.19
50,65,36,2.46,120,130,12.1,15,,0
54,64,44,6.04,120,130,16.1,21,,0.06
64,70,51,8.95,290,270,17,30,,0.01
53,61,39,3.36,50,40,12.1,15,,0
55,75,38,10.74,220,240,23,38.9,,0
67,75,48,8.95,230,220,19.9,35.1,,0
52,60,39,6.93,350,350,19.9,25.9,,0
46,57,34,4.7,30,10,16.1,21.9,,0
44,61,28,4.7,120,130,16.1,23,,0
53,68,34,6.26,110,170,16.1,23.9,,0
54,70,39,6.71,190,190,16.1,23,,0
61,79,46,5.37,360,220,14.1,19,,0
60,79,44,2.46,90,110,10.1,15,,0
56,64,47,4.25,80,80,12.1,14.1,,0
65,80,57,7.83,180,180,17,25.1,,0
65,76,58,9.17,190,190,23,33.1,,0.35
69,73,56,7.16,210,210,16.1,25.9,,0
56,59,51,3.13,210,240,8.1,11,,0.63
54,64,46,6.93,230,240,15,23,,0
53,61,47,7.61,250,240,16.1,25.9,,0.09
50,57,41,8.28,330,310,17,27.1,,0.13
44,50,35,5.37,10,10,16.1,19.9,,0.01
42,52,34,2.68,110,320,8.1,14.1,,0
44,49,37,6.04,360,360,16.1,21,,0.41
44,59,31,7.83,200,220,17,25.9,,0
56,69,49,8.05,230,220,17,23.9,,0.08
56,61,42,8.95,320,310,23,35.1,,0.03
49,62,33,5.37,330,350,17,23,,0
49,73,31,10.07,220,260,21,36.9,,0
64,71,35,9.17,320,300,23.9,34,,0
46,53,33,9.62,90,120,17,25.1,,0
53,62,44,11.18,130,280,19.9,29.1,,0.5
54,67,40,8.28,200,230,19.9,30,,0.06
48,56,38,7.61,150,130,18.1,28,,0.07
50,54,37,9.17,260,260,19.9,36.9,,0.01
40,50,24,7.38,210,260,18.1,33.1,,0
40,53,35,11.41,160,170,28,38.9,,0.01
48,55,30,6.93,190,190,23.9,36,,0.27
37,49,27,1.57,230,230,8.1,12.1,,0
41,48,33,6.71,110,110,19.9,27.1,,0.06
48,54,44,7.16,260,270,18.1,30,,0.26
43,50,33,6.49,100,130,18.1,28,,0.39
48,52,36,8.5,360,300,19.9,29.1,,0.81
37,43,33,4.03,10,360,13,18.1,,0
38,45,32,1.79,200,190,10.1,15,,0.1
38,40,28,4.03,340,340,14.1,17,,0.03
35,44,27,5.82,240,230,15,21.9,,0
39,48,34,7.16,240,250,19.9,29.1,,0
40,42,31,10.51,10,30,18.1,25.9,,0.12
32,38,21,5.82,330,310,14.1,19.9,,0
30,48,17,10.96,170,200,25.1,36.9,,0
40,49,30,14.09,320,340,25.1,45,,0.15
34,47,25,10.51,270,250,21.9,36,,0
42,50,34,5.14,130,130,16.1,21.9,,0
55,77,45,8.95,220,220,23,35.1,,0
58,65,37,5.14,250,250,13,19.9,,0
51,74,35,6.93,240,240,17,28,,0
64,75,50,8.95,230,250,18.1,31.1,,0
60,74,39,7.16,210,210,16.1,23,,0
64,77,53,9.17,200,200,18.1,28,,0
66,74,58,12.08,230,230,23.9,36.9,,0.19
50,61,35,11.63,250,240,25.9,44.1,,0.06
40,54,26,5.82,200,200,14.1,19,,0
39,42,34,6.71,320,290,15,25.1,,0.01
35,43,25,10.29,150,150,21.9,31.1,,0
44,53,36,16.55,240,240,29.1,46.1,,0.34
35,37,31,8.72,250,260,18.1,30,,0.03
30,34,27,11.63,320,310,23.9,36,,0.01
31,41,27,8.5,190,170,23,38.9,,0
46,59,40,9.84,200,200,19.9,29.1,,0
49,58,37,8.95,330,300,21,34,,0
35,37,20,4.92,330,320,13,23,,0
27,39,20,1.12,130,140,10.1,14.1,,0
32,37,26,8.05,310,310,18.1,31.1,,0.02
30,35,25,4.92,140,130,13,17,,0.23
35,42,33,3.58,80,80,8.9,16.1,,0.3
42,44,39,6.04,250,250,10.1,19.9,,0
40,42,33,5.14,260,270,12.1,17,,0
38,50,25,8.05,230,240,18.1,29.1,,0
43,54,33,6.26,200,220,13,17,,0
35,38,27,15.66,350,360,21.9,38.9,,0.01
29,34,27,17.67,340,320,23,42.9,,0
34,45,28,7.83,320,320,18.1,27.1,,0
35,37,32,7.83,310,310,16.1,23.9,,0
36,39,30,6.93,320,320,16.1,23,,0
29,31,27,8.05,330,340,15,21,,0
29,31,28,2.91,260,270,8.1,11,,0
31,36,23,5.37,350,330,14.1,18.1,,0
28,35,22,6.26,220,220,15,23,,0
38,42,35,6.93,280,270,13,21,,0
37,46,24,5.14,180,180,12.1,15,,0
38,41,30,6.49,70,70,15,19.9,,0
34,38,27,16.78,10,10,28,36.9,,1.03
26,28,22,7.38,320,320,18.1,25.9,,0
28,30,20,7.38,310,300,21,36,,0.01
20,24,16,4.7,330,300,10.1,18.1,,0
24,28,18,8.72,100,90,16.1,23,,0.02
26,28,24,8.95,10,10,15,19,,0.02
28,32,24,5.82,180,180,16.1,23,,0.01
30,32,29,4.7,180,180,13,18.1,,0.06
33,36,31,5.82,190,,8.9,,,0
33,35,28,4.47,200,220,10.1,16.1,,0
31,33,24,8.05,280,310,16.1,28,,0
35,46,30,15.43,160,170,23.9,34,,0.04
35,45,21,12.53,180,230,25.1,40.9,,0.03
21,23,20,9.4,300,270,16.1,28,,0
24,26,23,6.71,290,300,15,25.9,,0.02
26,35,24,7.61,110,130,16.1,23,,0.02
30,32,20,9.17,310,320,18.1,30,,0.13
20,25,3,4.92,180,200,10.1,15,,0
27,35,23,11.41,240,260,17,31.1,,0.26
30,31,16,6.04,270,260,8.9,17,,0
